user_id,user_conv_rate
00062,0.0
00067,0.0
00095,0.0
0023e,0.0
00336,0.02
003a2,0.0
00468,0.0
004a5,0.0
00545,0.037037037037037035
00559,0.0
00567,0.025
0058e,0.0
006b2,0.027777777777777776
006c4,0.0
006ce,0.0
0073a,0.02631578947368421
0078e,0.0
007b8,0.0
007fb,0.022727272727272728
00894,0.0
008c5,0.0
008fe,0.0
0091b,0.0
009c3,0.0
009f1,0.0
00a0f,0.0
00a3d,0.0
00ad4,0.0
00b03,0.0
00b85,0.0
00b86,0.0
00bbf,0.0
00c9a,0.0
00cf9,0.0
00d31,0.023809523809523808
00d58,0.0
00ddd,0.0
00e10,0.0
00e2d,0.0
00e6c,0.0
00e8d,0.02631578947368421
00ea7,0.0
00eb6,0.0
00ecc,0.0
00f39,0.0
00f82,0.0392156862745098
00faf,0.0
01029,0.0
01049,0.017857142857142856
01062,0.05128205128205128
01095,0.0
0109a,0.0
010ef,0.0
010f5,0.0
0110c,0.0
01111,0.024390243902439025
0112d,0.0
01187,0.0
011b8,0.0
01239,0.0
0124f,0.0
012d4,0.0
012e0,0.0
01320,0.0
013e7,0.0
013fe,0.0
01440,0.02702702702702703
014e9,0.0
014ef,0.0
01512,0.05
01549,0.0
0156a,0.0
01585,0.02702702702702703
0162f,0.0
016d8,0.0
01816,0.0
01820,0.0
01863,0.018867924528301886
018cf,0.0
018d2,0.0
019fd,0.022222222222222223
01a37,0.0
01ad7,0.0
01b2c,0.0
01b97,0.0
01bd0,0.0
01c05,0.0
01c80,0.0
01ca6,0.0
01da6,0.0
01ddf,0.0
01e10,0.0
01e28,0.0
01e33,0.030303030303030304
01eff,0.022727272727272728
01f58,0.025
0203d,0.0
0205d,0.0
02082,0.0
02108,0.0
02132,0.0
021cc,0.043478260869565216
0225b,0.0
02272,0.0
0232d,0.0
0236e,0.0
02398,0.0
023cc,0.0
02460,0.0
025ae,0.0
025e1,0.0
02600,0.02
026fc,0.034482758620689655
0271f,0.0
02726,0.020833333333333332
0276b,0.0
027c7,0.0
02859,0.0
0287b,0.0
02929,0.0
02943,0.0
02955,0.0
0297c,0.0
029d1,0.0
02a07,0.0
02ad5,0.0
02aea,0.0
02b50,0.0
02ba5,0.03225806451612903
02cf5,0.0
02d0d,0.0
02d20,0.0
02e0f,0.0
02e21,0.0
02e39,0.0
02f27,0.0
02fb8,0.0
02fe9,0.0
0301e,0.034482758620689655
03024,0.0
03028,0.0
0308a,0.0
030cb,0.0
030dc,0.0
031ba,0.0
031dc,0.0
0320f,0.0
03283,0.0
032d2,0.0
0331e,0.0
03385,0.0
03454,0.0
03463,0.0
03571,0.0
03579,0.029411764705882353
0364e,0.0
036ba,0.0
03834,0.0
03893,0.0
0398d,0.0
039aa,0.0
03a52,0.0
03a5b,0.02631578947368421
03ac9,0.0
03b4c,0.0
03bd1,0.0
03c77,0.0
03c8a,0.029411764705882353
03caa,0.0
03cf6,0.0
03d1a,0.024390243902439025
03dcf,0.0
03e8e,0.0
03fcb,0.0
03fd9,0.0
04073,0.0
040cc,0.0
040e1,0.0
0411e,0.0
04248,0.0
0429c,0.0
042a2,0.0
042d8,0.0
04323,0.0
04341,0.0
0435c,0.0
0437c,0.0
043b8,0.0
043e1,0.0
04424,0.0
044f3,0.0
04525,0.0
0458d,0.023809523809523808
04625,0.0
046b3,0.0
04728,0.0
04784,0.0
04785,0.0
047ae,0.0
047df,0.0
04822,0.0
0486f,0.0
04a36,0.02857142857142857
04a6b,0.0
04ab8,0.0
04b48,0.0
04b67,0.0
04c39,0.0
04d60,0.0
04d90,0.0
04dce,0.025
04e54,0.0
04fc9,0.0
04ff1,0.0
05037,0.0
05055,0.0
05097,0.0
05098,0.0
051ff,0.0
052ef,0.02127659574468085
05330,0.0
05340,0.0
05341,0.0
05362,0.0
05379,0.0
053ab,0.0
053c5,0.0
053e1,0.0
05409,0.019230769230769232
0541a,0.0
0542d,0.0
05436,0.022727272727272728
05441,0.03333333333333333
054f7,0.0
05720,0.0
057d7,0.0
0584d,0.03333333333333333
05891,0.0
058ba,0.02631578947368421
059b3,0.0
059e3,0.0
059ee,0.0
05a92,0.02564102564102564
05b05,0.0
05b29,0.0
05b6b,0.0
05bc8,0.0
05bf4,0.0
05dcc,0.0
05ddd,0.02857142857142857
05f1d,0.0196078431372549
05f2f,0.0
0605f,0.0
06080,0.0
06090,0.0
060e8,0.02564102564102564
060f3,0.0
061c2,0.0
06212,0.0
06290,0.0
062b2,0.0
06362,0.0
063ee,0.025
06447,0.0
06471,0.0
06477,0.0
06503,0.0
0655a,0.0
06560,0.0
065ae,0.03571428571428571
06618,0.0
06627,0.0
0666b,0.022727272727272728
06679,0.0
0667c,0.0
066c7,0.0
06706,0.0
06726,0.0
06747,0.04878048780487805
06763,0.0
06834,0.02631578947368421
0683b,0.0
06883,0.0
068af,0.020833333333333332
06917,0.0
06a01,0.0
06acf,0.0
06b58,0.0
06bac,0.0
06bad,0.022727272727272728
06cf9,0.02
06d52,0.0
06db8,0.0
06dc2,0.0
06e0a,0.0
06e6a,0.025
06e70,0.0
06f72,0.0
06f74,0.0
06fd1,0.0
07035,0.0
070d2,0.0
070e3,0.0
07121,0.0
07191,0.0
071ca,0.0
0722b,0.0
07232,0.0
07300,0.0
07366,0.0
0739f,0.0
0748b,0.0
0748e,0.0
074f3,0.0
0760c,0.0
0772a,0.0
0773d,0.023255813953488372
07752,0.0
07755,0.0
077f4,0.0
077f8,0.0
07808,0.0
07960,0.0
07992,0.027777777777777776
07997,0.0
079b0,0.0
079b4,0.0
079c7,0.0
07a50,0.0
07a65,0.02564102564102564
07b00,0.0
07b9c,0.02631578947368421
07c1a,0.0
07c26,0.0
07c3e,0.03333333333333333
07d38,0.0
07d74,0.0
07d7c,0.0
07e56,0.0
07e6e,0.0
07fd3,0.0
07ff5,0.022727272727272728
0803c,0.0
08076,0.0
08133,0.0
08198,0.0
082cc,0.0
082f4,0.023255813953488372
082f6,0.0
083d0,0.0
08476,0.0
08559,0.0
0863c,0.0
0869a,0.0
086e8,0.0
086fc,0.0
0875b,0.0
0879c,0.0
087cc,0.0
087f2,0.0
08804,0.0
088d9,0.0
089ba,0.0
089c8,0.021739130434782608
089f6,0.0
08b48,0.0
08b69,0.0
08b7b,0.0
08bc2,0.02631578947368421
08c19,0.029411764705882353
08c90,0.0
08d14,0.0
08d2a,0.0
08d85,0.0
08e08,0.0
08e63,0.0
08f24,0.0
08f7e,0.022222222222222223
08f9a,0.0
08f9b,0.0
0907f,0.022727272727272728
09194,0.0
092e8,0.023809523809523808
09317,0.0
09328,0.0
0933e,0.0
093d4,0.0
093fb,0.0
09434,0.0
09473,0.0
0954c,0.029411764705882353
09553,0.0
095bf,0.0
0960e,0.022222222222222223
09621,0.0
096e7,0.02564102564102564
0976c,0.0
0978d,0.0
097a5,0.0
097e4,0.041666666666666664
097f5,0.0
0982b,0.0
09885,0.0
098a5,0.0
098d9,0.0
098e4,0.0
098e7,0.0
0998f,0.0
099d9,0.0
099e3,0.0
09a07,0.0
09abc,0.0
09abd,0.0
09b78,0.0
09bdf,0.0
09d1b,0.0
09d41,0.0
09d62,0.0
09e63,0.0
09e83,0.02040816326530612
09f3a,0.0
09ffb,0.0
0a0a4,0.0
0a0fb,0.0
0a19b,0.0
0a1be,0.0
0a38c,0.0
0a39c,0.02564102564102564
0a3a4,0.0
0a3b4,0.0
0a4ef,0.0
0a508,0.0
0a531,0.0
0a578,0.029411764705882353
0a5ad,0.0
0a63d,0.0
0a65c,0.0
0a6a1,0.03225806451612903
0a6ec,0.0
0a71f,0.0
0a793,0.0
0a899,0.0
0a8a3,0.021739130434782608
0a8ca,0.0
0a8dc,0.0
0a923,0.0
0a947,0.0
0aa2c,0.0
0aa97,0.0
0ab2d,0.0
0ab44,0.0
0ab8b,0.0
0abe2,0.0
0abfb,0.0
0ac1b,0.04
0ac7d,0.0
0ad1a,0.0
0ad95,0.0
0adfe,0.0
0ae1b,0.0
0ae1d,0.024390243902439025
0ae44,0.0
0ae62,0.0
0af4b,0.0
0b07a,0.0
0b082,0.02702702702702703
0b0e7,0.0
0b14a,0.022727272727272728
0b158,0.0
0b17d,0.0
0b1b4,0.0
0b1fc,0.0
0b2c8,0.0
0b35e,0.0
0b3a1,0.0
0b3d6,0.0
0b3eb,0.0
0b412,0.0
0b424,0.0
0b4a2,0.018867924528301886
0b4dc,0.0
0b522,0.0
0b58d,0.0
0b5e0,0.0
0b673,0.02564102564102564
0b683,0.0
0b6e8,0.0
0b721,0.0
0b729,0.0
0b810,0.0
0b854,0.0
0b8c2,0.0
0b8c5,0.0
0b8e7,0.0
0b93e,0.0
0b98e,0.0
0b999,0.0
0ba50,0.0
0bb06,0.0
0bb40,0.0
0bb70,0.0
0bc27,0.0
0bc40,0.0
0bc5c,0.0
0bc6f,0.022222222222222223
0bc87,0.0
0bd7d,0.0
0be73,0.019230769230769232
0bfcb,0.0
0c04e,0.0
0c080,0.0
0c0a3,0.0
0c13f,0.02127659574468085
0c2c7,0.0
0c3a6,0.019230769230769232
0c3ea,0.0
0c446,0.0
0c4f6,0.0
0c502,0.0
0c56b,0.0
0c5fb,0.0
0c658,0.0
0c68a,0.0
0c6d9,0.0
0c714,0.0
0c78e,0.0
0c9b9,0.0
0ca0c,0.038461538461538464
0ca44,0.01818181818181818
0ca4b,0.0
0cad0,0.0
0cb17,0.0
0cb5f,0.0
0cbc5,0.0
0cbef,0.0
0ccae,0.0
0cd41,0.0
0cdf2,0.0
0ce1b,0.0196078431372549
0ce30,0.0
0ce7e,0.0
0cf22,0.0
0cf8f,0.0
0cfd9,0.0
0d013,0.0
0d037,0.0
0d09b,0.0
0d0f6,0.0
0d148,0.0
0d2a8,0.0
0d3fb,0.0
0d483,0.0
0d4cc,0.022727272727272728
0d4d1,0.03225806451612903
0d5b0,0.06060606060606061
0d5f9,0.0
0d607,0.0
0d6d0,0.0
0d6d8,0.0
0d6fc,0.05405405405405406
0d752,0.0
0d760,0.0
0d765,0.022222222222222223
0d788,0.0
0d7cd,0.0
0d850,0.0
0d8f2,0.0
0d9be,0.0
0d9eb,0.0
0d9f5,0.0
0dac5,0.02127659574468085
0db95,0.0
0dbfc,0.0
0dc2f,0.0
0dc46,0.024390243902439025
0dc58,0.0
0dc59,0.0
0dcd3,0.0
0dd23,0.0
0df67,0.027777777777777776
0dfd8,0.034482758620689655
0e014,0.0
0e025,0.023809523809523808
0e10d,0.0
0e19c,0.022222222222222223
0e1a7,0.0
0e21c,0.0
0e256,0.0
0e259,0.023255813953488372
0e2e2,0.020833333333333332
0e346,0.0
0e387,0.0
0e4b6,0.0
0e557,0.0
0e55b,0.0
0e561,0.0
0e59b,0.0
0e66b,0.020833333333333332
0e754,0.0
0e846,0.0
0e96e,0.0
0e97e,0.02702702702702703
0e9cb,0.0
0e9ed,0.027777777777777776
0e9ee,0.0
0ebd6,0.011904761904761904
0ec90,0.02702702702702703
0ecad,0.030303030303030304
0ecf6,0.0
0edd6,0.024390243902439025
0eecb,0.0
0ef32,0.0
0ef61,0.0
0ef9f,0.02702702702702703
0eff3,0.0
0f074,0.018518518518518517
0f0be,0.0
0f0e0,0.0
0f0e7,0.0
0f0fa,0.02631578947368421
0f119,0.0
0f18e,0.0
0f1a9,0.023809523809523808
0f29e,0.0
0f30e,0.03125
0f3ec,0.025
0f4c0,0.0
0f501,0.0
0f55d,0.0
0f5ee,0.029411764705882353
0f5f5,0.0
0f602,0.0
0f617,0.0
0f61f,0.0
0f6a4,0.0
0f6cc,0.0
0f758,0.0
0f872,0.0
0f882,0.0
0f8ba,0.0
0f8d9,0.0
0f9d5,0.0
0fa78,0.025
0fa7a,0.0
0fa96,0.025
0faad,0.025
0fae7,0.022727272727272728
0fb16,0.02702702702702703
0fb3c,0.0
0fb65,0.0
0fce2,0.02702702702702703
0fda0,0.027777777777777776
0fdd7,0.0
0fe19,0.0
0fe62,0.0
0fe76,0.0
0fe7a,0.024390243902439025
0fe8b,0.0
0ff2f,0.0
0ffc6,0.0
10005,0.0
1015d,0.02127659574468085
10169,0.0
101f3,0.0
10290,0.0
102c5,0.0
1031f,0.0
10341,0.0
10394,0.0
103d4,0.0
103d7,0.0
10464,0.0
104cb,0.0
10599,0.0
105bb,0.0
10619,0.0
10621,0.0
10624,0.0
10647,0.0
1069e,0.0
1073f,0.0
1079a,0.0
107e0,0.0
1085c,0.0
10936,0.0
10981,0.0
10984,0.0
109d9,0.0
109e8,0.0
10aac,0.0
10b4b,0.0
10ba1,0.0
10ba4,0.0
10bbf,0.0
10c3f,0.0
10c85,0.0
10d73,0.0
10db9,0.0
10dbc,0.022727272727272728
10e06,0.0
10ea8,0.0
10ed9,0.0
10f0d,0.0
10f3d,0.0
10f49,0.02564102564102564
10fb5,0.0
11025,0.0
11053,0.0
11068,0.0
1108f,0.0
11091,0.0
110ca,0.0
11135,0.06382978723404255
11144,0.0
11159,0.0
111b9,0.0
1126f,0.0
112cc,0.0
112d2,0.0
113cb,0.0
11411,0.0
11492,0.0
11556,0.0
11674,0.0
116eb,0.02040816326530612
11746,0.0
1177a,0.0
117c9,0.021739130434782608
11809,0.0
1184e,0.0
1191f,0.0
1197a,0.0
119d3,0.0
11a13,0.02702702702702703
11a6c,0.0
11bbd,0.013157894736842105
11c40,0.0
11cca,0.0
11ce0,0.0
11eb1,0.0
11f1d,0.018867924528301886
11fa4,0.0
11fac,0.0
11fdd,0.0
12050,0.0
1205a,0.0
121ce,0.046511627906976744
121f3,0.0
1228e,0.023809523809523808
12348,0.02127659574468085
123b4,0.0
123b9,0.0
1243d,0.0
12478,0.018518518518518517
1258f,0.023809523809523808
125aa,0.0
1261c,0.0
12622,0.0
1266b,0.0
12675,0.023809523809523808
1269a,0.0
1278c,0.0
127c3,0.0
127fd,0.04
1281b,0.0
12823,0.022727272727272728
1282d,0.0
1285b,0.0
128bc,0.0
128bd,0.0
12965,0.0
129cd,0.0
129da,0.0
129f1,0.02702702702702703
12a74,0.020833333333333332
12b06,0.0
12baf,0.0
12ca5,0.0
12ca7,0.0
12d28,0.0
12d2a,0.0
12d2f,0.0
12d53,0.02857142857142857
12e01,0.0
12e2d,0.0
12e4d,0.0
12e73,0.0
12e9a,0.0
12ee8,0.0
12f1b,0.0
12f67,0.0
12fb7,0.024390243902439025
13088,0.0
13091,0.0
130aa,0.0
130c4,0.0
1310b,0.0
13115,0.044444444444444446
131c1,0.0
1323b,0.0
1324a,0.0
13421,0.0
13547,0.0
13584,0.0
136e9,0.0
137dd,0.02857142857142857
13864,0.0
138c0,0.0
13919,0.0
13928,0.0
13988,0.0
139a9,0.0
139cf,0.03125
13a0e,0.0
13b03,0.0
13b5e,0.02857142857142857
13b65,0.0
13be3,0.02564102564102564
13e2b,0.0
13e38,0.027777777777777776
13f73,0.0
13fd8,0.0
140d6,0.0
141b4,0.0
141e5,0.0
1425f,0.0
142a2,0.0
1436d,0.0
143ff,0.023809523809523808
14419,0.0
1441b,0.0
1446d,0.0
14490,0.0
144f4,0.0
14518,0.0
145c6,0.0
1460c,0.0
14630,0.0
1465f,0.0
14789,0.0
147a0,0.0
14876,0.0
14887,0.0
14910,0.0
1493d,0.0
1496a,0.0
149a6,0.0
149c6,0.0
14a80,0.0
14b32,0.0
14b3d,0.0425531914893617
14b4f,0.03333333333333333
14c62,0.0
14c74,0.0
14cfd,0.023809523809523808
14d07,0.0
14d54,0.0
14da9,0.0
14e24,0.0
14ebe,0.02702702702702703
14ece,0.0
14f32,0.0
14f3c,0.0
15043,0.02857142857142857
15067,0.0
150c8,0.0
15131,0.021739130434782608
15147,0.0
151d1,0.0
151e8,0.02040816326530612
151f4,0.023255813953488372
15287,0.0
15405,0.0
15462,0.0
15515,0.023809523809523808
155a1,0.0
156d9,0.0
156f7,0.0
1592c,0.0
15937,0.0
15ad4,0.0
15ae0,0.0
15ae8,0.0
15b97,0.02631578947368421
15c94,0.0
15ca0,0.0
15cee,0.0
15dd6,0.0
15ddc,0.0
15e31,0.0
15f26,0.0
15f7b,0.0
15f8c,0.02857142857142857
160f9,0.0
16118,0.0
161dc,0.0
1620e,0.0
1625c,0.0
162ec,0.0
16352,0.0
1649d,0.0
1652b,0.0
16593,0.08333333333333333
165bc,0.0
165ec,0.0
166c8,0.0
16830,0.0
1685e,0.027777777777777776
168cf,0.0
1699a,0.02040816326530612
16a68,0.0
16aad,0.0
16ab6,0.02857142857142857
16ad7,0.0
16b66,0.0
16ba2,0.0
16cc4,0.023809523809523808
16d6f,0.0
16de0,0.0
16e2b,0.06521739130434782
16e7c,0.0
16e98,0.0
16ed8,0.0
16f04,0.017857142857142856
16f17,0.0
16f7a,0.0
16f95,0.0
16ffa,0.0
17002,0.0
17087,0.0
170b1,0.0
170b6,0.0
170bc,0.0
17106,0.0
17160,0.045454545454545456
17181,0.0
171ca,0.0
172e0,0.0
17301,0.0
1738a,0.021739130434782608
1740b,0.046511627906976744
1748c,0.0
17552,0.0
175c2,0.02564102564102564
175e1,0.0
17689,0.0
176b5,0.0
17720,0.02857142857142857
177ac,0.0
17885,0.0
178ca,0.0
1791c,0.0
17920,0.0425531914893617
1792b,0.0
179f8,0.0
17a3f,0.0
17a40,0.0
17ab1,0.0
17ac0,0.0
17b27,0.020833333333333332
17b35,0.02040816326530612
17b51,0.023255813953488372
17ce1,0.0
17d6d,0.0
17e1d,0.021739130434782608
17e51,0.023255813953488372
17ebf,0.0
17f16,0.0
18002,0.0
18056,0.0
18137,0.0
181f0,0.0
18228,0.0
18238,0.023255813953488372
182d6,0.0
18382,0.0
18424,0.0
18427,0.0
1844e,0.02564102564102564
1846a,0.0
1853c,0.0
18589,0.0
18592,0.0
18604,0.0
1862c,0.0
186a7,0.0
186da,0.0
1875d,0.0
18792,0.0
187b4,0.0
187e5,0.0
18872,0.0
18898,0.045454545454545456
188be,0.0
18961,0.0
18977,0.0
189fd,0.0
18a07,0.0
18a12,0.0
18a32,0.0
18a43,0.029411764705882353
18b04,0.0
18b56,0.0
18c50,0.0
18c77,0.0
18d1d,0.0
18d6c,0.023809523809523808
18da0,0.0
18e4c,0.0
18e53,0.0
18e55,0.0
18e9b,0.0
18eb0,0.0
18f27,0.0
18f66,0.0
18f74,0.0
18fb3,0.0
19019,0.0
1904c,0.0
190ad,0.0
191aa,0.0
191ac,0.0
191cb,0.0
19290,0.021739130434782608
1929c,0.0
19310,0.0
19325,0.0
193ff,0.0
19514,0.0
195ac,0.0
195d1,0.0
1977c,0.0
197d6,0.029411764705882353
19887,0.0
19895,0.0
19959,0.0
19a31,0.0
19a7f,0.0
19a87,0.0
19af7,0.0
19b61,0.0
19bcd,0.02857142857142857
19bde,0.0
19c4c,0.025
19c63,0.0
19cc6,0.02127659574468085
19d8f,0.0
19db3,0.0
19dfd,0.0
19e47,0.0
19e75,0.0
19e85,0.0
19f04,0.02631578947368421
19f13,0.0
19fd5,0.03125
1a239,0.0
1a2ec,0.0
1a306,0.0
1a370,0.024390243902439025
1a39b,0.0
1a3b6,0.0
1a3e2,0.0
1a3f2,0.0
1a414,0.023255813953488372
1a479,0.027777777777777776
1a4dd,0.0
1a509,0.024390243902439025
1a554,0.03773584905660377
1a5c2,0.0
1a738,0.029411764705882353
1a75b,0.0
1a7ac,0.02
1a7cd,0.0
1a7fb,0.0
1a7fc,0.0
1a82a,0.043478260869565216
1a830,0.06666666666666667
1a870,0.0
1a8db,0.0
1a906,0.0
1a99b,0.02702702702702703
1a9aa,0.0
1a9ff,0.0
1ab1d,0.0
1ab8b,0.022222222222222223
1abd1,0.0
1ac28,0.0
1ac97,0.058823529411764705
1ac9e,0.0
1ad20,0.029411764705882353
1ad51,0.0
1adca,0.0
1adcc,0.0
1ade3,0.0
1ae33,0.0
1b006,0.0
1b08d,0.0
1b0d6,0.0
1b135,0.0
1b17a,0.0
1b227,0.0
1b251,0.0
1b2a5,0.0
1b2d7,0.0
1b4d4,0.0
1b53a,0.0
1b573,0.0
1b595,0.0
1b59c,0.0
1b6bb,0.0
1b6c0,0.024390243902439025
1b718,0.0
1b7d7,0.02127659574468085
1b7fb,0.0
1b842,0.03333333333333333
1b86d,0.0
1b8cd,0.0
1b910,0.0
1b97d,0.0
1b9ae,0.0
1b9b3,0.0
1bb04,0.025
1bb39,0.0
1bba3,0.0
1bba9,0.02127659574468085
1bbd0,0.0
1bbda,0.0
1bd20,0.0
1bd3c,0.0
1bde3,0.0
1be17,0.0
1bf1d,0.0
1c11c,0.023809523809523808
1c13d,0.0
1c14d,0.0
1c1b5,0.0
1c20a,0.0
1c247,0.0
1c331,0.021739130434782608
1c463,0.0
1c583,0.0
1c5b3,0.0
1c63b,0.0
1c6e1,0.0
1c7bb,0.0
1c7ea,0.0
1c81f,0.023809523809523808
1c834,0.0
1c8b3,0.0
1c8ed,0.0
1c90d,0.02040816326530612
1c96d,0.023809523809523808
1c97f,0.0
1ca7a,0.0
1caa3,0.0
1cd98,0.0
1ce10,0.0
1ce18,0.0
1ce27,0.0
1cfd4,0.0
1d0f3,0.0
1d256,0.0
1d340,0.0
1d348,0.0
1d3b1,0.0
1d3ed,0.0
1d519,0.0
1d530,0.04081632653061224
1d558,0.02631578947368421
1d608,0.0
1d694,0.0
1d704,0.0
1d7b9,0.0
1d7e0,0.0
1d7ff,0.0
1d8ad,0.0
1d944,0.020833333333333332
1da5e,0.0
1daba,0.0
1daf9,0.0
1dc35,0.0
1dc48,0.0
1dc5a,0.0
1dc71,0.0
1dc9b,0.014705882352941176
1dcb6,0.020833333333333332
1decb,0.0
1df52,0.0
1df93,0.0
1dfe5,0.0
1dfe8,0.0
1dffb,0.05128205128205128
1e085,0.0
1e115,0.0
1e155,0.0
1e23b,0.0
1e2b5,0.0
1e371,0.0
1e480,0.0
1e498,0.0
1e4c2,0.02857142857142857
1e544,0.0
1e64b,0.0
1e656,0.0
1e688,0.03125
1e758,0.0
1e788,0.0
1e7b0,0.0
1e7c6,0.0
1e7fc,0.0
1e83c,0.0
1e8ca,0.0
1e915,0.0
1e969,0.0
1ea34,0.046511627906976744
1eae9,0.0
1eb28,0.0
1ebf9,0.0
1ec13,0.0
1ec58,0.0
1ecb0,0.021739130434782608
1ed04,0.0
1ed64,0.0
1edc6,0.0
1ee53,0.02564102564102564
1ee6a,0.0
1eefe,0.0
1ef29,0.0
1efd9,0.0
1effb,0.0
1f062,0.0
1f16e,0.0
1f17d,0.0
1f1b1,0.0
1f1f7,0.0
1f2ab,0.0
1f32f,0.02564102564102564
1f362,0.0
1f381,0.0
1f39f,0.0
1f3ab,0.0
1f45d,0.0
1f47b,0.0
1f4a8,0.0
1f4a9,0.0
1f58f,0.023809523809523808
1f599,0.0
1f63e,0.0
1f757,0.0
1f77e,0.0
1f7ba,0.03508771929824561
1f7d4,0.0
1f81a,0.0
1f82b,0.0
1f8c9,0.0
1f9bd,0.0
1fa2b,0.0
1fa31,0.0
1fa53,0.0
1fa95,0.0
1fae5,0.0
1fb01,0.0
1fb4d,0.0
1fb5d,0.0
1fb9b,0.0
1fcd9,0.0
1fd39,0.0
1fd87,0.02702702702702703
1fe8c,0.0
1ff10,0.0
1ff8d,0.0
1ffec,0.0
200c8,0.0
200cc,0.0
20106,0.0
20138,0.0
2017f,0.0
201a2,0.0
20254,0.02
20305,0.0
20310,0.0
2031b,0.025
203a5,0.0
203fc,0.0
20426,0.02631578947368421
20450,0.0
204a1,0.0
20578,0.0
2059c,0.0
205cd,0.0
20631,0.0
20632,0.0
2064e,0.0
20667,0.0
206f8,0.0
2073e,0.0
20787,0.0
207b0,0.0
207d2,0.0
20879,0.0
2089f,0.0
208a0,0.0
20936,0.0
20a5a,0.0
20af5,0.0
20ba9,0.0
20bc2,0.0
20c0b,0.0
20c24,0.0
20c87,0.0
20cd5,0.029411764705882353
20d08,0.0
20d74,0.0
20d8b,0.0
20e60,0.027777777777777776
20e61,0.0
21025,0.02564102564102564
21060,0.0
21098,0.029411764705882353
21210,0.0
2123b,0.020833333333333332
21244,0.0
21270,0.0
21278,0.0
2127f,0.0
21307,0.0
21369,0.0
2138d,0.0
2148d,0.0
21559,0.0
21560,0.0
216a6,0.02040816326530612
2173c,0.0
21757,0.0
217bf,0.0
2184c,0.0
2190e,0.0
2192c,0.0
21943,0.0
219b6,0.0
21b10,0.0
21bd4,0.02
21c1d,0.0
21c50,0.0
21c75,0.02040816326530612
21dae,0.0
21dbd,0.0
21e16,0.0
21e2d,0.0
21e52,0.0
21ea1,0.0
21ea4,0.0
22062,0.0
22078,0.023255813953488372
22098,0.0
2211c,0.030303030303030304
2213d,0.0
22154,0.0
2219d,0.0
221eb,0.0
221f2,0.0
2235d,0.022727272727272728
22364,0.0
223f2,0.0
224b5,0.0
22523,0.0
22542,0.02
2257e,0.0
22587,0.0
225cf,0.0
22696,0.023809523809523808
2277d,0.0
227cd,0.0
227ce,0.0
22802,0.0
2280b,0.024390243902439025
228d7,0.0
229fe,0.0
22a14,0.05714285714285714
22ac4,0.0
22b02,0.0
22b2c,0.0
22b41,0.0
22b4d,0.0
22c85,0.0
22cb8,0.0
22cd8,0.0
22cda,0.0
22d69,0.0
22da4,0.0
22e36,0.0
22e4c,0.0
22f1c,0.0
22fd6,0.0
22fe7,0.0
2315e,0.0
231c9,0.0
2327f,0.0
23384,0.0
233e4,0.02702702702702703
233fa,0.0
23444,0.0
23451,0.025
23545,0.0
2355f,0.0
2356b,0.0
23579,0.023255813953488372
2359b,0.0
235d7,0.0
235e5,0.0
23637,0.0
23656,0.0
236ac,0.029411764705882353
23750,0.0
23781,0.0
2380f,0.0
23891,0.0
238d1,0.0
238d7,0.0
239d2,0.0
23a03,0.0
23a17,0.0
23a43,0.0
23abb,0.0
23b0b,0.0
23b52,0.023255813953488372
23b62,0.0
23b96,0.0
23c1a,0.0
23c32,0.0
23c4c,0.0
23c75,0.03333333333333333
23c7e,0.0
23cbf,0.0
23d32,0.0
23d93,0.0
23e03,0.0
23e31,0.0
23e81,0.0
23ee4,0.02702702702702703
23faf,0.021739130434782608
23ffc,0.030303030303030304
240cb,0.023809523809523808
24191,0.0
24223,0.0
24283,0.027777777777777776
242aa,0.0
242ff,0.03225806451612903
24360,0.0
24364,0.029411764705882353
2458a,0.0
245ba,0.0
245ce,0.0
24607,0.0
24617,0.0
246e4,0.024390243902439025
24737,0.023255813953488372
2481a,0.0
24826,0.0
24884,0.0
24886,0.019230769230769232
248b4,0.0
249df,0.0
24a67,0.0
24b2f,0.0
24b85,0.05
24b9b,0.0
24c3b,0.0
24ddd,0.02857142857142857
24e5d,0.0
24f0a,0.0
24f19,0.0
24f32,0.0
24fe2,0.030303030303030304
25085,0.0
25089,0.0
250be,0.0
250ff,0.02631578947368421
2519b,0.0
2526f,0.0
25299,0.024390243902439025
25379,0.0
253c7,0.0
253d1,0.03571428571428571
25451,0.02564102564102564
25472,0.0
254b0,0.0
254b2,0.0
254f1,0.0
25562,0.0
256f9,0.0
25708,0.021739130434782608
25732,0.0
2578b,0.0
257c6,0.0
2580f,0.0
25864,0.0
25884,0.0
258a1,0.0
258ef,0.0
25948,0.022727272727272728
2596c,0.0
25a4b,0.0
25a53,0.0
25a71,0.03125
25a93,0.0
25aff,0.0
25b2e,0.0
25b61,0.0
25cc3,0.023255813953488372
25cd1,0.0
25d12,0.0
25d1a,0.030303030303030304
25d65,0.0
25d7d,0.0
25d87,0.0
25de8,0.0
25e0d,0.0
25efd,0.0
25f2f,0.02564102564102564
25fe9,0.0
26103,0.0
26117,0.0
261ca,0.022727272727272728
261e0,0.0
26221,0.0
2628d,0.0
26294,0.0
262f0,0.0
26334,0.0
2633a,0.0
2633d,0.0
26369,0.03125
263dd,0.0
264d0,0.0
264e1,0.0
2652f,0.0
2653f,0.0
26592,0.020833333333333332
265e5,0.0
2665c,0.0
26704,0.025
26736,0.03125
267c3,0.0
267e4,0.023255813953488372
267ed,0.0
26828,0.0
26910,0.0
2692b,0.0
2693c,0.02564102564102564
26a7d,0.0
26ad5,0.0
26ae4,0.0
26b02,0.0
26b0c,0.0
26b30,0.0
26bfc,0.0
26c32,0.0
26c6e,0.0
26c8a,0.02857142857142857
26cc3,0.0
26d89,0.0
26de1,0.0
26e88,0.0
26f3d,0.0
26f5f,0.0
26f88,0.0
27043,0.0
2705e,0.0
27067,0.0
27077,0.0
270a9,0.0
270b9,0.0
270df,0.0196078431372549
27189,0.0
27267,0.0
2727c,0.0
27306,0.0
27309,0.0
27424,0.0
2749a,0.0
2756c,0.0
275d1,0.0
27618,0.0
27650,0.0
27682,0.0
27706,0.024390243902439025
27713,0.046511627906976744
27884,0.0
278ec,0.0
2790f,0.0
27958,0.0
27961,0.0
2796c,0.058823529411764705
2799a,0.0
27a7d,0.0
27a90,0.0
27a95,0.025
27b11,0.0
27baa,0.027777777777777776
27cac,0.0
27cda,0.0
27d38,0.0
27e0a,0.0
27ef6,0.0
27f22,0.0
27fba,0.0
2801a,0.0425531914893617
280e3,0.0
2822c,0.0
28240,0.0
28376,0.0
2848e,0.0
28629,0.02702702702702703
286e6,0.0
287ac,0.0
287ba,0.0
28919,0.0
28925,0.0
28aca,0.02702702702702703
28b59,0.0
28ba0,0.0
28bb1,0.0
28bbe,0.0
28cb4,0.0
28cf0,0.023809523809523808
28dd4,0.0
28eb4,0.0
28fa0,0.0
28fa9,0.022727272727272728
28fd4,0.0
28fd5,0.0
28ff5,0.0
290f0,0.023809523809523808
290f8,0.0
29134,0.0
2923b,0.0
2929d,0.0
292e5,0.0
2934f,0.0
293c3,0.046511627906976744
293ce,0.0
29452,0.0
2945a,0.0
29506,0.02702702702702703
29507,0.0
2955f,0.02127659574468085
29563,0.0
2957f,0.0
2963e,0.0
29661,0.0
29669,0.0
296bc,0.0
29752,0.0
297bb,0.0
29811,0.0
298e8,0.0
298ee,0.0
29901,0.0
29906,0.0
29982,0.0
299f1,0.0
29ae1,0.03225806451612903
29b24,0.0
29c35,0.0
29c52,0.0
29cbc,0.0
29d1d,0.0
29d61,0.0
29d7a,0.0
29dcf,0.0
29e15,0.0
29e21,0.0
29ea6,0.0
29ee4,0.0
29ef0,0.05555555555555555
29f1c,0.0
2a055,0.0
2a06d,0.0
2a0d4,0.0
2a0f7,0.0
2a127,0.0
2a1c9,0.0
2a1d2,0.05263157894736842
2a1d5,0.0
2a22a,0.0
2a233,0.0
2a27b,0.02
2a379,0.0
2a492,0.025
2a4b5,0.018518518518518517
2a538,0.019230769230769232
2a5ba,0.0
2a692,0.0
2a895,0.0
2a897,0.0
2a94f,0.0
2a950,0.0
2aa1d,0.0
2ab3d,0.0
2abc2,0.022222222222222223
2abfb,0.0
2ac02,0.0
2ac0f,0.0
2ac33,0.0
2acdb,0.0
2ad57,0.0
2ad8d,0.0
2ada9,0.0
2adab,0.0
2adc2,0.02
2adea,0.023809523809523808
2ae0f,0.0
2aeaf,0.0
2aeee,0.0
2af0c,0.0
2af89,0.0
2afec,0.0
2b13d,0.02631578947368421
2b18c,0.0
2b1d1,0.0
2b28c,0.0
2b312,0.0
2b339,0.0
2b363,0.0
2b498,0.0
2b4b0,0.0
2b4b6,0.0
2b4b9,0.0
2b4dc,0.0
2b4fd,0.0
2b602,0.021739130434782608
2b630,0.022727272727272728
2b690,0.0
2b799,0.0
2b79f,0.0
2b7c8,0.041666666666666664
2b807,0.0
2b860,0.0
2b870,0.0
2b87a,0.0
2b908,0.0
2b97e,0.021739130434782608
2bad1,0.0196078431372549
2bb3d,0.027777777777777776
2bb42,0.0
2bb4e,0.0
2bb86,0.027777777777777776
2bb98,0.0
2bbe8,0.03571428571428571
2bc3a,0.0
2bc62,0.0
2bcde,0.025
2bdbe,0.0
2bddf,0.0
2be03,0.0
2be63,0.0
2be6f,0.0
2c03e,0.02631578947368421
2c0a8,0.0
2c0dc,0.0
2c0ee,0.02857142857142857
2c11d,0.0
2c1b7,0.0
2c2cc,0.0
2c2d6,0.0
2c2dc,0.0
2c3f3,0.0
2c407,0.0
2c425,0.0
2c4bf,0.0
2c4c4,0.0
2c4fb,0.05
2c56b,0.0
2c5ad,0.0
2c5d7,0.0
2c634,0.0
2c654,0.0
2c6cd,0.0
2c6f7,0.0
2c703,0.0
2c734,0.0
2c7bb,0.0
2c7d1,0.02040816326530612
2c7ec,0.0
2c805,0.0
2c80b,0.0
2c881,0.0
2c910,0.0
2c91c,0.0
2c9e0,0.0
2ca2d,0.0
2ca45,0.0
2cb49,0.0
2cb73,0.0
2cbd2,0.0
2cbfd,0.0
2cc94,0.0
2cca5,0.0
2cccd,0.0
2cd7a,0.0
2cd80,0.024390243902439025
2cdb2,0.020833333333333332
2ce19,0.0
2ce8c,0.0
2cfcc,0.0
2cff5,0.0
2d068,0.0
2d081,0.023255813953488372
2d109,0.0
2d16a,0.0
2d1be,0.0
2d2bf,0.0
2d2d0,0.0
2d325,0.017857142857142856
2d544,0.0
2d5a6,0.0
2d5de,0.0
2d5f4,0.0
2d693,0.0
2d6fa,0.0
2d6ff,0.0
2d739,0.02127659574468085
2d895,0.0
2d8bd,0.017857142857142856
2d934,0.021739130434782608
2d9f9,0.0
2da4d,0.027777777777777776
2da81,0.0
2db07,0.0
2dba6,0.023809523809523808
2dc87,0.0
2dd09,0.0
2dd94,0.0
2ddb1,0.0
2ddfc,0.0
2de16,0.0
2df0a,0.0
2df11,0.0
2df47,0.0
2dfe8,0.0
2e00b,0.0
2e16d,0.0
2e18e,0.0
2e1e5,0.021739130434782608
2e210,0.0
2e22c,0.0
2e266,0.0
2e275,0.0
2e2ae,0.0
2e305,0.0
2e327,0.0
2e465,0.0
2e483,0.0
2e4b9,0.0
2e657,0.0
2e6c3,0.0
2e6ef,0.0
2e7e7,0.02564102564102564
2e989,0.0
2e9b0,0.0
2e9b2,0.058823529411764705
2ea00,0.0
2eaa1,0.0
2eaa9,0.0
2eae9,0.0
2ebcd,0.0
2ecac,0.0
2ed46,0.022727272727272728
2eda0,0.0
2ee0f,0.0
2ee22,0.0
2ee24,0.0
2ee79,0.0
2eeaf,0.0
2eece,0.0
2eefe,0.0
2ef03,0.0
2ef3b,0.0
2ef3e,0.0
2ef58,0.0
2efa0,0.0
2f06a,0.0
2f0bb,0.0
2f12b,0.02127659574468085
2f133,0.0
2f1cf,0.0
2f1d2,0.0
2f24c,0.0
2f327,0.0
2f3f7,0.0
2f581,0.0
2f5b2,0.0
2f647,0.0
2f681,0.0
2f6a0,0.0
2f716,0.0196078431372549
2f789,0.0
2f78e,0.0
2f7ca,0.0
2f7e2,0.0
2f822,0.0
2f8d3,0.0
2fa59,0.0
2fa7d,0.0
2fb60,0.0
2fb9b,0.0
2fbc1,0.021739130434782608
2fbf7,0.0
2fc6e,0.0
2fd5c,0.0
2fda7,0.02
2fddd,0.0
2fecd,0.0
2fed2,0.0
2fefc,0.0
3002d,0.021739130434782608
30074,0.0
30088,0.06896551724137931
3012e,0.0
3016e,0.0
3018c,0.0
30290,0.0
302cf,0.0
30404,0.02564102564102564
3042c,0.0
30436,0.0
304ca,0.0
304cd,0.0
30534,0.0
30539,0.0
305a5,0.0
305c7,0.0
305eb,0.0
30611,0.0
306a8,0.0
306f2,0.0
30716,0.0
3071b,0.027777777777777776
307df,0.0
30977,0.0
309ae,0.0
309bc,0.0
309d4,0.0
309e6,0.04878048780487805
30a4c,0.0
30a8c,0.0
30b7d,0.0
30bf3,0.0
30c74,0.0
30ca9,0.0
30d2f,0.0
30da4,0.0
30ec5,0.0
30f25,0.0
31064,0.023255813953488372
3106c,0.0
310a0,0.0
3114c,0.0
31192,0.0
31210,0.0392156862745098
31347,0.0
31381,0.0
313ad,0.0
313af,0.0
31401,0.0
314aa,0.0
3152d,0.0
315b6,0.0
31615,0.0
3161b,0.03225806451612903
31650,0.0
3177e,0.0
31790,0.0
3185f,0.0
318ac,0.0
31951,0.0
31956,0.0
3196b,0.0
319c1,0.0
319e1,0.0
319f7,0.0
31a47,0.0
31a94,0.0
31aba,0.022727272727272728
31bad,0.0
31c29,0.0
31c60,0.02857142857142857
31ca2,0.0
31cb3,0.02127659574468085
31dbe,0.0
31f1d,0.0
31f26,0.0
31f44,0.0
31f54,0.0
31f81,0.0
31f9d,0.0
32027,0.0
32103,0.020833333333333332
3214f,0.0
32172,0.0
32191,0.0
321b8,0.0
3220d,0.0
32278,0.0
322af,0.0
32330,0.0
32338,0.0
32387,0.0
3238b,0.0
323b0,0.0
3243c,0.0
32497,0.02040816326530612
324bf,0.012987012987012988
324e6,0.0
3253f,0.0
325c2,0.029411764705882353
325e9,0.0
325fd,0.0
32612,0.0
32614,0.0
3263b,0.0
3264d,0.0
32684,0.0
326b3,0.0
32780,0.0
32789,0.0
32852,0.0
328b1,0.0
3292a,0.0
3292c,0.0
3294c,0.02631578947368421
32aea,0.0
32b43,0.0
32bd7,0.0
32ccb,0.0
32ce9,0.0
32d1b,0.0
32d3b,0.0
32e05,0.0
32ec0,0.0
32eea,0.0
32ff0,0.0
3309c,0.0
330ff,0.0
33183,0.0196078431372549
33268,0.0
332b8,0.0
332fd,0.0
33344,0.0
33347,0.0
333dc,0.02857142857142857
33426,0.0
3343e,0.02631578947368421
334bc,0.0
3352a,0.0
33581,0.045454545454545456
33617,0.0
33632,0.0
33682,0.0
336d3,0.0
33775,0.0
33824,0.0
3388a,0.023809523809523808
338c7,0.02857142857142857
3390a,0.02857142857142857
33920,0.0
33945,0.0
33a98,0.023255813953488372
33b5c,0.0
33be7,0.0
33c80,0.0
33cf4,0.0
33d2e,0.0
33dbc,0.0
33ded,0.05405405405405406
33df1,0.0
33eb8,0.0
33eef,0.02631578947368421
33f08,0.021739130434782608
33f4f,0.02857142857142857
33f85,0.020833333333333332
33f8a,0.0
33f93,0.0
33fdf,0.0
34048,0.0
34066,0.0
3413c,0.0
34294,0.0
34328,0.0
3439b,0.0425531914893617
3442c,0.0
344fb,0.0
3451c,0.0
3456b,0.0
34619,0.0
3468b,0.0
346ba,0.0
346db,0.0
347e4,0.0
347ea,0.0
3484c,0.0
34872,0.0
34884,0.0
348a2,0.0
349ca,0.0
34ac2,0.023809523809523808
34c99,0.02857142857142857
34cf5,0.0
34db0,0.03333333333333333
34e3f,0.0
34f0b,0.0
34f72,0.02
34fe0,0.02127659574468085
35011,0.0
35043,0.02631578947368421
35049,0.0
3507d,0.0
350ac,0.0
3517e,0.0
351a7,0.02564102564102564
352c8,0.0
35311,0.0
35346,0.0
35370,0.0
3538e,0.023809523809523808
3539f,0.0
354fe,0.0
355e1,0.0
35643,0.0
356a5,0.0
356f0,0.0
35763,0.02702702702702703
357ea,0.0
35912,0.0
3592f,0.022727272727272728
35ac0,0.0
35b3d,0.047619047619047616
35b82,0.0
35ca2,0.0
35d65,0.0
35d6e,0.0
35d75,0.022727272727272728
35e28,0.0
35f0b,0.05263157894736842
36050,0.0
360f8,0.023255813953488372
361c9,0.025
36274,0.04
362a6,0.02857142857142857
362ab,0.0
36317,0.0
36365,0.0
363d1,0.0
36455,0.0
364bd,0.0
364df,0.0
36660,0.0
367b8,0.0
36886,0.025
368a5,0.0
36901,0.0
36a75,0.0
36a7a,0.0
36a7c,0.0
36ad0,0.0
36b20,0.0
36b34,0.0
36b63,0.0
36b8f,0.0
36c21,0.0
36c47,0.024390243902439025
36cc1,0.019230769230769232
36cd6,0.05263157894736842
36d1e,0.0
36e17,0.023255813953488372
36ebb,0.0
36ee7,0.0
36fbc,0.0
37097,0.0
372a2,0.0
37339,0.0
37351,0.0
373e4,0.02702702702702703
373f8,0.0
37402,0.03333333333333333
3740b,0.0
374a2,0.0
374a7,0.0
37592,0.0
37621,0.0
37672,0.0
3769d,0.0
377c0,0.02702702702702703
37820,0.0
3783c,0.0
3788d,0.025
379e5,0.02564102564102564
37a86,0.0
37ab0,0.0
37be4,0.0
37c04,0.0
37c50,0.0
37d3c,0.0
37d80,0.0
37dc0,0.0
37e17,0.0
37ef0,0.0
37f0c,0.0
37f3b,0.0
37feb,0.0
3800d,0.030303030303030304
380a1,0.0
380b0,0.0
380c9,0.0
380ff,0.02631578947368421
38131,0.024390243902439025
38176,0.0
3817a,0.0
381b1,0.0
381c6,0.0
381fc,0.0
381fe,0.0
385f8,0.01818181818181818
38646,0.0
3869a,0.0
386ae,0.0
386ed,0.0
386f2,0.0
38763,0.0
3878e,0.018867924528301886
38838,0.02564102564102564
38846,0.0
388de,0.0
389cd,0.0
38abc,0.023809523809523808
38be1,0.0
38cea,0.0
38d00,0.02564102564102564
38d07,0.0
38d13,0.0
38d28,0.0
38d40,0.0
38de1,0.0
38eb3,0.0
38f5c,0.0
38fbf,0.0
390f0,0.023255813953488372
39196,0.0
39199,0.0
3930c,0.0
39400,0.0
39456,0.0
3946c,0.0
394a6,0.0
394fd,0.0
395a7,0.0
3968b,0.0
3968c,0.0
397b6,0.0
39823,0.0
3984b,0.0
3984d,0.0
39858,0.0
39b61,0.0
39b9a,0.0
39bda,0.0
39ca9,0.0
39f39,0.0
39f75,0.0
3a093,0.0
3a3bc,0.02127659574468085
3a3d7,0.0
3a3df,0.0
3a483,0.0
3a48a,0.0
3a4de,0.0
3a504,0.0
3a5d1,0.0
3a5d3,0.021739130434782608
3a652,0.03125
3a732,0.0
3a832,0.0
3a8ba,0.0
3a935,0.0
3aa1a,0.0
3aadb,0.0
3aae8,0.0
3ab61,0.0
3ab75,0.0
3abfa,0.0
3aca5,0.0
3acbc,0.0
3acbd,0.0
3accf,0.0
3ad10,0.0
3ad38,0.0
3ad3a,0.047619047619047616
3ad79,0.0
3adc2,0.0
3add1,0.0
3ae41,0.0
3ae4d,0.0
3aee2,0.0
3af35,0.0
3af5b,0.0
3b032,0.0
3b062,0.03225806451612903
3b0b6,0.0
3b0c2,0.0
3b0d4,0.0
3b194,0.0
3b1c2,0.0
3b2fa,0.0
3b2fb,0.0
3b395,0.0
3b3f8,0.0
3b3fc,0.0
3b405,0.02127659574468085
3b40d,0.0
3b421,0.0
3b49f,0.0
3b4ee,0.0
3b559,0.0
3b59f,0.0
3b642,0.02564102564102564
3b667,0.0
3b6b1,0.0
3b6b5,0.0
3b71a,0.0
3b825,0.0
3b8d2,0.0
3b8ee,0.0
3b938,0.0
3b93b,0.0
3baaa,0.0
3bbca,0.0
3bc44,0.0
3bc52,0.02857142857142857
3bc59,0.0
3bc8b,0.0
3bd0c,0.0
3bd49,0.0
3bdcf,0.0
3be2f,0.02631578947368421
3bebd,0.0
3c02f,0.0
3c051,0.0
3c05c,0.023809523809523808
3c10a,0.02857142857142857
3c133,0.0
3c1d6,0.021739130434782608
3c21d,0.03125
3c316,0.0
3c36d,0.0
3c38d,0.0
3c3d8,0.0
3c4aa,0.0
3c500,0.0
3c51c,0.0
3c582,0.0
3c595,0.0
3c5a3,0.0
3c67c,0.0
3c782,0.02857142857142857
3c8bd,0.0
3c913,0.0
3c9fb,0.0
3c9fc,0.0
3ca21,0.0
3ca3e,0.0
3cab7,0.0
3caf2,0.0
3cb4b,0.0
3cb8c,0.0
3cd91,0.0
3ce42,0.02
3ced1,0.0
3cf04,0.0
3cf12,0.0
3cf51,0.0
3cfde,0.0
3d0e1,0.0
3d0e7,0.0
3d169,0.0
3d18c,0.0
3d1c2,0.021739130434782608
3d1d5,0.0
3d341,0.0
3d361,0.0
3d367,0.0
3d3b3,0.0
3d3e0,0.0
3d440,0.0
3d456,0.0
3d5cd,0.0
3d680,0.0
3d6b6,0.0
3d74d,0.0
3d786,0.0
3d7c3,0.0
3d834,0.0
3d91c,0.0
3d92c,0.022727272727272728
3d974,0.0
3d9c8,0.023255813953488372
3da64,0.0
3daa5,0.0
3daf6,0.030303030303030304
3db85,0.0
3dc1b,0.0
3dd3b,0.0
3dd3c,0.021739130434782608
3dddb,0.0
3ddf7,0.0
3de1b,0.0
3de23,0.022727272727272728
3dfd4,0.0
3e09a,0.0
3e09f,0.0
3e101,0.0
3e137,0.0
3e202,0.0
3e237,0.0
3e2bf,0.0
3e340,0.0
3e3e8,0.0
3e4df,0.0
3e590,0.0
3e612,0.0
3e64a,0.0
3e654,0.0
3e660,0.021739130434782608
3e6b0,0.0
3e7b0,0.0
3e7b5,0.0
3e859,0.0
3e8ce,0.0
3e8e6,0.0
3ea2c,0.0
3ea33,0.0
3ea49,0.0
3ea84,0.024390243902439025
3eab2,0.0
3eb6e,0.0
3ec00,0.037037037037037035
3ec5b,0.0
3eca3,0.0
3ed1d,0.0
3ed5a,0.0
3ed77,0.0
3ee02,0.0
3ef28,0.0
3efd0,0.0
3effe,0.0
3f071,0.0
3f088,0.0
3f18e,0.0
3f1c8,0.0
3f242,0.0
3f2ab,0.0
3f2b0,0.034482758620689655
3f3a7,0.0
3f417,0.0
3f467,0.03571428571428571
3f4d8,0.02564102564102564
3f571,0.0
3f64e,0.03125
3f651,0.0
3f754,0.0
3f75c,0.0
3f7e6,0.0
3f8dd,0.0
3f936,0.0
3f95f,0.0
3f9e1,0.0
3faa4,0.0
3fb3b,0.0
3fbd5,0.0
3fc19,0.0
3fc94,0.01282051282051282
3fd01,0.0
3fd0a,0.0
3fda1,0.0
3fe58,0.02702702702702703
3fea3,0.0
3ff7f,0.027777777777777776
40020,0.0
40073,0.030303030303030304
40092,0.0
40105,0.0
40152,0.0
40159,0.0
401b2,0.0
401d4,0.0
401d8,0.0
4024d,0.0
4026b,0.0
402ef,0.0
402f0,0.0
40324,0.0
40382,0.0
403a0,0.0
403c5,0.0
40412,0.0
40545,0.0
405bc,0.0
4062f,0.023809523809523808
406c1,0.0
4072c,0.02702702702702703
40769,0.0
40790,0.0
407a6,0.0
40992,0.0
409c2,0.0
40a2a,0.0
40a82,0.020833333333333332
40af9,0.0
40b9d,0.0
40c2a,0.02
40ca5,0.0
40cce,0.0
40d72,0.0
40d81,0.0
40d9e,0.023809523809523808
40e11,0.0
40e56,0.0
40ece,0.0
40f29,0.025
40f41,0.0
40fce,0.0
41050,0.05
410a7,0.045454545454545456
410b3,0.02564102564102564
4121a,0.027777777777777776
4126f,0.0
41353,0.0
4136b,0.0
413fa,0.0
4144b,0.0
4146a,0.0
415a2,0.0
415bb,0.0
41646,0.0
417da,0.0
41842,0.0
418c3,0.0
418db,0.0
4198e,0.02
41a2e,0.0
41a5c,0.0
41aae,0.0
41ab8,0.0
41b5a,0.02564102564102564
41b76,0.024390243902439025
41b95,0.0
41c03,0.0
41c11,0.0
41c30,0.0
41c41,0.0
41c74,0.0
41d08,0.0
41d39,0.0
41dc9,0.02564102564102564
41df9,0.0
41e06,0.0
41e0a,0.0
41e2d,0.0
420d3,0.0
4216a,0.0
422d5,0.0
423b3,0.0
42405,0.0
42420,0.0
424e2,0.0
4254d,0.0
42574,0.0
4265c,0.0
4267a,0.023809523809523808
42683,0.0
426be,0.0
426da,0.0
4274d,0.0
42792,0.023255813953488372
427a3,0.058823529411764705
427d4,0.0
42801,0.0
42824,0.02631578947368421
42a54,0.02564102564102564
42afa,0.0
42b3a,0.0
42b44,0.0
42c47,0.0
42c99,0.0
42d17,0.0
42d9b,0.02631578947368421
42dc3,0.02127659574468085
42f20,0.0
42f50,0.0
42fe9,0.0
42ffc,0.0
4301d,0.0
430a5,0.0
43190,0.029411764705882353
4325f,0.0
432a2,0.0
43324,0.025
4338a,0.03333333333333333
433b9,0.0
433f2,0.0
43428,0.0
434a1,0.021739130434782608
434ca,0.0
43538,0.0
435c6,0.0
4368a,0.0
43705,0.0
4370f,0.0
43782,0.0
43852,0.0
43872,0.0
43891,0.0
43943,0.0
43a65,0.0
43a66,0.0
43af4,0.0
43b3f,0.0
43b82,0.0
43bb7,0.0
43c0c,0.0
43cc0,0.0
43d06,0.0
43d8e,0.0
43dd5,0.0
43e04,0.02564102564102564
43e10,0.0
43f56,0.023809523809523808
43f57,0.023255813953488372
43f91,0.0
44074,0.0
4413c,0.0
441d9,0.0
442ab,0.0
442d4,0.0
442f8,0.02631578947368421
44374,0.0
44433,0.0
44460,0.0
44526,0.03125
4457a,0.0
445eb,0.0
44675,0.0
4472f,0.022222222222222223
447e6,0.0
44870,0.0
4492a,0.05
44964,0.0
4499a,0.027777777777777776
449e0,0.0
44a03,0.0
44a3b,0.0
44a70,0.0
44ab8,0.0
44aeb,0.0
44b07,0.0
44b21,0.0
44b7d,0.0
44b88,0.0
44bdd,0.0
44cd4,0.0
44d3e,0.0
44d55,0.0
44da4,0.02702702702702703
44db7,0.0
44e4f,0.0
44f1b,0.0
44f4d,0.0
4505c,0.0
450c0,0.0
450d4,0.0
4515c,0.0
451bf,0.0
4524d,0.02631578947368421
45290,0.0
452e8,0.0
45305,0.02564102564102564
45314,0.0
45394,0.0
453ce,0.0
454fd,0.02702702702702703
4552d,0.02
455ff,0.02857142857142857
45692,0.0
45698,0.023809523809523808
456a9,0.018867924528301886
45757,0.0
45769,0.024390243902439025
457b9,0.0
4580d,0.0
45851,0.0
45879,0.0
458d5,0.0
45931,0.0
459d2,0.023809523809523808
45a10,0.0
45a2f,0.05263157894736842
45a6a,0.024390243902439025
45a8f,0.0
45b15,0.05555555555555555
45b78,0.0
45bbb,0.025
45c66,0.0
45c8a,0.0
45d42,0.0
45d79,0.0
45e21,0.0625
45ed2,0.06060606060606061
45ef4,0.0
45f48,0.021739130434782608
45fab,0.027777777777777776
45fde,0.0
45fe1,0.0
45ff0,0.027777777777777776
46005,0.0
46006,0.0
46059,0.0
46072,0.0
460ac,0.0
460cf,0.0
460f8,0.0
4610f,0.0
46188,0.0425531914893617
461c4,0.0
462dc,0.0
46395,0.0
46431,0.0
464c4,0.0
4657c,0.022727272727272728
46601,0.0
46700,0.0
46816,0.0
46829,0.0
4689d,0.0
468ff,0.02857142857142857
46910,0.0
46970,0.0
469e6,0.02564102564102564
469fe,0.0
46a16,0.0
46a35,0.0
46b41,0.0
46bc2,0.0
46cc3,0.0
46d04,0.0
46dd9,0.043478260869565216
46df2,0.0
46ed7,0.0
46f1a,0.027777777777777776
46f45,0.02702702702702703
46fcc,0.0
47030,0.0
4709e,0.0
470bf,0.0
470ee,0.02127659574468085
47173,0.0
471ab,0.058823529411764705
471fa,0.0
472f5,0.023255813953488372
47333,0.0
47340,0.0
47371,0.0
47376,0.0
4739c,0.0
473e3,0.027777777777777776
4753a,0.0
475e6,0.0
47602,0.022222222222222223
47784,0.0
477c6,0.0
477d7,0.0
4781e,0.02631578947368421
47824,0.0
47898,0.0
478d5,0.0
47923,0.0
479d6,0.0
47a59,0.0
47aa1,0.020833333333333332
47aac,0.0
47af7,0.0
47b0a,0.0
47c3a,0.0
47d9b,0.0
47df7,0.0
47e60,0.0
47e71,0.0
47e88,0.0
47f99,0.0
47fac,0.0
47fd3,0.0
47fe8,0.0
4800e,0.0
4804b,0.0
4805d,0.0
480a3,0.024390243902439025
480cf,0.0
48128,0.0
482e3,0.0
483c9,0.047619047619047616
4853a,0.0
48546,0.0
48579,0.0
485ec,0.0
48622,0.0
486a5,0.0
48737,0.0
48790,0.019230769230769232
487c5,0.0
48903,0.0
48942,0.0
48a52,0.0
48a86,0.0
48aaf,0.0
48af1,0.0
48ba9,0.0
48bdf,0.0
48cd2,0.0
48cf8,0.02631578947368421
48dd8,0.0
48df7,0.041666666666666664
48f5c,0.0
48fdf,0.02040816326530612
49037,0.0
49121,0.0
491ff,0.0
49357,0.0
49487,0.023255813953488372
494b9,0.0
495ef,0.0
4972b,0.0
4977c,0.0
497f0,0.0
4996f,0.0
49a8e,0.0
49b8d,0.0
49be1,0.025
49c43,0.0
49c4d,0.0
49c5c,0.0
49c8f,0.024390243902439025
49ccf,0.0
49cf4,0.0
49d91,0.0
49d92,0.0
49dd5,0.0
49e5e,0.0
49ec8,0.0
49fde,0.02564102564102564
4a060,0.018867924528301886
4a064,0.02631578947368421
4a0b6,0.0
4a0c8,0.0
4a0c9,0.0
4a15b,0.0
4a172,0.0
4a180,0.02857142857142857
4a1c7,0.0
4a1d1,0.0
4a264,0.0
4a290,0.023809523809523808
4a36f,0.0
4a3aa,0.0
4a43d,0.0
4a554,0.0
4a649,0.0
4a69d,0.0
4a6fc,0.024390243902439025
4a7b7,0.0
4a882,0.0
4a899,0.022222222222222223
4a8ef,0.0
4a929,0.0
4a95a,0.0
4a967,0.0
4a9d1,0.0
4a9f8,0.0
4aae7,0.0
4aaef,0.0
4ab02,0.0
4ab1f,0.0
4ab54,0.0
4ab71,0.0
4ab7b,0.03773584905660377
4ab8b,0.0
4ac00,0.0
4ac5e,0.0
4ac67,0.0
4ac7f,0.0
4ac89,0.0
4ad48,0.0
4ae1b,0.0
4af06,0.0
4af5e,0.0
4af66,0.0
4afc8,0.0
4afdb,0.0
4b0bd,0.0
4b13c,0.0
4b1e0,0.0
4b1fd,0.0
4b219,0.0
4b310,0.022222222222222223
4b393,0.0
4b396,0.0
4b4fe,0.0
4b507,0.02631578947368421
4b524,0.0
4b5b3,0.0
4b639,0.024390243902439025
4b68a,0.0
4b68d,0.0
4b7b9,0.0
4b817,0.0
4b84d,0.0
4b868,0.0
4b8fe,0.0
4b9c8,0.0
4ba52,0.0
4bab7,0.027777777777777776
4bb68,0.0
4bbcf,0.0
4bc54,0.0
4bd6e,0.0
4bd90,0.0
4be8a,0.0
4beaf,0.0
4c02a,0.0
4c0cb,0.0
4c10f,0.0
4c13a,0.05
4c224,0.0
4c264,0.0
4c276,0.0
4c321,0.0
4c392,0.0
4c404,0.0
4c40f,0.022222222222222223
4c46e,0.024390243902439025
4c482,0.0
4c4d1,0.0
4c538,0.0
4c53e,0.0
4c574,0.0
4c57f,0.0
4c58c,0.0
4c58e,0.0
4c5f9,0.0
4c624,0.0
4c730,0.022727272727272728
4c814,0.0
4c893,0.0
4c8bb,0.0
4c8cd,0.0
4c915,0.0
4c91c,0.0
4c94c,0.0
4ca83,0.0
4cb25,0.0
4cb4d,0.0
4cb63,0.0
4cc1a,0.0
4cc2e,0.05128205128205128
4cd36,0.0
4cd54,0.0
4ce09,0.0
4ce12,0.0
4ce79,0.0
4cf2b,0.0
4d0f6,0.01818181818181818
4d100,0.023809523809523808
4d126,0.0
4d198,0.034482758620689655
4d19f,0.0
4d1a0,0.0
4d1f7,0.0
4d20f,0.03571428571428571
4d21a,0.02564102564102564
4d28b,0.0
4d336,0.0
4d344,0.0
4d376,0.02
4d3da,0.022727272727272728
4d426,0.022727272727272728
4d4cf,0.0
4d4de,0.0
4d51a,0.0
4d62a,0.02
4d66a,0.024390243902439025
4d6a6,0.0
4d76a,0.0
4d7a7,0.0
4d86d,0.0
4d89f,0.0
4d8ff,0.0
4d9a0,0.0
4d9b1,0.0
4da34,0.0
4db44,0.05
4db9f,0.0
4dbaa,0.0
4dbbe,0.0
4dc01,0.0
4dc63,0.0
4dc7a,0.0
4dc9d,0.0
4dd64,0.020833333333333332
4dd65,0.0
4dd81,0.0
4de1c,0.05263157894736842
4debd,0.046511627906976744
4ded4,0.0
4ded7,0.0
4def8,0.0
4df64,0.0
4df88,0.0
4e013,0.0
4e0d5,0.0
4e0f0,0.0
4e134,0.0
4e1a4,0.02
4e226,0.0
4e2b7,0.0
4e38f,0.0
4e3e9,0.0
4e3ea,0.02127659574468085
4e3ec,0.0
4e50b,0.0
4e56e,0.0
4e5b1,0.029411764705882353
4e5bd,0.022727272727272728
4e648,0.0
4e655,0.0
4e683,0.03125
4e7a6,0.0
4e7cf,0.05
4e7fb,0.0
4e86b,0.0
4e8b5,0.03125
4e8dc,0.0
4e8e4,0.0
4e944,0.0
4e99d,0.0
4e9bf,0.0
4e9dc,0.0
4ea84,0.025
4ea9a,0.0
4eac4,0.0
4eb7d,0.0
4ebab,0.022727272727272728
4ec0b,0.0
4ec7c,0.0
4ecb8,0.0
4ecc6,0.0
4eda0,0.0
4edbf,0.03333333333333333
4edee,0.0
4ee12,0.0
4ee56,0.02702702702702703
4ee6d,0.0
4ee79,0.02857142857142857
4ef84,0.0
4efec,0.0
4f051,0.0
4f062,0.0
4f0cf,0.0
4f0e4,0.0
4f10f,0.0
4f12b,0.0
4f14f,0.0
4f154,0.0
4f155,0.0
4f164,0.0
4f166,0.020833333333333332
4f19c,0.0
4f238,0.0
4f270,0.0
4f27d,0.045454545454545456
4f345,0.0
4f3b8,0.05714285714285714
4f3f1,0.0625
4f471,0.0
4f4be,0.0
4f630,0.024390243902439025
4f66a,0.0
4f67d,0.011904761904761904
4f6eb,0.0
4f720,0.0
4f73e,0.0
4f793,0.0
4f8cc,0.0
4f986,0.0
4f9b3,0.0
4f9e4,0.0
4f9f0,0.0
4fa02,0.0
4fa6c,0.0
4fa87,0.023809523809523808
4fa89,0.0
4fa90,0.0
4fbc0,0.0
4fbe3,0.0
4fcbb,0.0
4fd11,0.0
4fd3a,0.0
4fd5d,0.0
4fd6f,0.0
4fd83,0.0
4fe32,0.0
4ff04,0.0
4ff39,0.0
4ff50,0.0
4ffbb,0.0
4ffbd,0.029411764705882353
50033,0.0
5003b,0.0
500a1,0.0
500ac,0.0
5017c,0.0
501ed,0.0
50286,0.0
5039a,0.0
5043f,0.0
5058d,0.0
50593,0.0
50638,0.0
506c0,0.0
5071b,0.0
50749,0.0
507b4,0.030303030303030304
507e4,0.02127659574468085
50935,0.0
509b7,0.0
50a37,0.0
50a61,0.0
50a6c,0.0
50a85,0.0
50ab0,0.0
50b45,0.0
50b82,0.0
50bda,0.027777777777777776
50bea,0.0
50bf7,0.0
50c70,0.029411764705882353
50d25,0.0
50d58,0.0
50e00,0.0
50f1c,0.0
50f25,0.0
50f68,0.0
50f81,0.0
5104d,0.0
51052,0.0
510a2,0.0
51116,0.022727272727272728
5111a,0.0
51155,0.0
51184,0.0
511ac,0.0
511cb,0.0
511fc,0.0
51267,0.02857142857142857
512d1,0.0
512fb,0.0
513d8,0.0
513dd,0.0
513ef,0.02564102564102564
513f1,0.0
513fb,0.0
51415,0.0
51486,0.023809523809523808
5148a,0.0
514a3,0.0
51511,0.0
51523,0.0
515b5,0.0
51640,0.0
516aa,0.0
516e0,0.0
5174d,0.0
517df,0.0
5180b,0.0
518d9,0.0
5197c,0.0
519d2,0.0
51a48,0.0
51aee,0.0
51b07,0.0
51b3f,0.0
51b43,0.05263157894736842
51c9c,0.0
51ca0,0.05555555555555555
51d3e,0.0
51d8b,0.02564102564102564
51e15,0.0
51e6b,0.0
51e72,0.0
51e90,0.0
51ec6,0.0
51ee0,0.027777777777777776
51ef3,0.024390243902439025
51fef,0.0
520a4,0.0
521ca,0.023255813953488372
52217,0.027777777777777776
52244,0.0
52289,0.0
522a2,0.0
522e0,0.02631578947368421
522f6,0.0
5237b,0.0
523ac,0.022727272727272728
523e6,0.0
52462,0.0
52470,0.0
524da,0.0
5253f,0.0
52594,0.0
52656,0.0
5269b,0.0
526e6,0.0
52715,0.0196078431372549
5273a,0.0
5275d,0.0196078431372549
528e8,0.0
528f4,0.0
52900,0.0
5290b,0.027777777777777776
5298b,0.02631578947368421
529a3,0.0
529d1,0.0
52a28,0.0
52a3b,0.0
52b69,0.0
52c40,0.0
52cd2,0.0
52cfa,0.0
52d1f,0.0
52dd0,0.0
52e2e,0.0
52e6c,0.0
52ed5,0.0
5300d,0.02564102564102564
5300e,0.0
530ba,0.0
53139,0.025
53153,0.0
53182,0.0
53183,0.0
531a8,0.0
53294,0.0
53339,0.0
5338e,0.0
533bf,0.0
533c4,0.0
5340f,0.0
53467,0.0
53470,0.0
534da,0.0
534db,0.0
534f0,0.0
53507,0.0
5354a,0.0
535ba,0.037037037037037035
5362b,0.0
5362c,0.0
537c3,0.0
5387b,0.0
538b5,0.0
5399e,0.0
53ae8,0.020833333333333332
53afb,0.0
53b4b,0.0
53c09,0.0
53c72,0.0
53c7f,0.0
53de0,0.0
53e7d,0.0
53e8e,0.0
53eb1,0.0
53ec4,0.0
5401d,0.0
540bb,0.0
5412d,0.0
541e5,0.0
541f1,0.0
541f2,0.0
54255,0.0
542bf,0.0
5430a,0.05405405405405406
5432d,0.0
5437a,0.023255813953488372
54451,0.0
54459,0.0
54507,0.02702702702702703
54555,0.02564102564102564
54618,0.02127659574468085
54622,0.0
54722,0.0
54782,0.0
547c2,0.0
547e6,0.0
54806,0.0
54815,0.0
54839,0.0
5483f,0.0
54843,0.0
54ab0,0.0
54aee,0.0
54bcd,0.0
54c07,0.0
54c09,0.0
54c2d,0.0
54c86,0.02040816326530612
54d35,0.0
54d74,0.0
54e1e,0.0
54e88,0.0
54e9b,0.0
54f9e,0.0
55051,0.0
55060,0.0
550b9,0.024390243902439025
550c2,0.0
550c8,0.0
550fb,0.0
55199,0.0
551ad,0.0
551d6,0.0
5520d,0.0
55275,0.0
55286,0.0
553b1,0.02631578947368421
55485,0.0
555dc,0.0
555f6,0.0
5562d,0.0
55657,0.0
556a0,0.0
556b0,0.022222222222222223
556c1,0.058823529411764705
556c8,0.0
55830,0.0
55839,0.03333333333333333
5584e,0.0
558bf,0.0
558d3,0.0
558f2,0.0
55901,0.0
55918,0.0
55929,0.0
55a93,0.0
55b1a,0.02564102564102564
55c98,0.0
55d50,0.0
55dbe,0.0
55e44,0.0
55e95,0.027777777777777776
55ed8,0.0
55fc9,0.0
560b1,0.022727272727272728
560b7,0.0
56172,0.0
56205,0.0
56215,0.0
5623c,0.023809523809523808
56258,0.0
5628f,0.047619047619047616
562bd,0.0
562e9,0.0
563bc,0.0
564ae,0.025
564c5,0.0
565a6,0.0
566b4,0.0
56749,0.0
5687a,0.0
568bd,0.025
5693e,0.0
569f4,0.0
56a15,0.0
56a20,0.0
56a81,0.01639344262295082
56ab4,0.0
56ab5,0.0
56ad7,0.029411764705882353
56af1,0.0
56b0b,0.030303030303030304
56b4e,0.0
56b58,0.0
56b8f,0.0
56b94,0.0
56c03,0.0
56c1e,0.0
56c2c,0.023255813953488372
56cf5,0.0
56cf7,0.0
56d63,0.0
56dc5,0.0
56dd8,0.02702702702702703
56dee,0.0
56e9d,0.0
56f34,0.03333333333333333
56f99,0.0
56fa5,0.0
5703f,0.0
5706a,0.0
570cb,0.0
57130,0.0
571d1,0.0
5735f,0.023809523809523808
57394,0.02857142857142857
5748f,0.0
57541,0.0
5754b,0.0
57569,0.0
57573,0.0
57677,0.0
57693,0.04878048780487805
5771a,0.0
57727,0.0
57796,0.025
577ee,0.021739130434782608
57849,0.0
578ff,0.0
57926,0.0
579ac,0.0
579b3,0.0
57a0f,0.0
57a25,0.0
57a32,0.022727272727272728
57a48,0.024390243902439025
57a7e,0.0
57a88,0.0
57b82,0.0
57bb1,0.030303030303030304
57cd1,0.021739130434782608
57d93,0.0
57da7,0.0
57e35,0.027777777777777776
57e75,0.0
57f23,0.0
57f76,0.0
57fa5,0.0
57fb8,0.0
5803f,0.0
58048,0.0
580e3,0.0
58138,0.0
58174,0.0
581e4,0.0
581ee,0.03125
58211,0.0
58274,0.0
583bb,0.0
58440,0.0
584a5,0.023809523809523808
584b4,0.0
584fb,0.030303030303030304
5851e,0.0
58532,0.0
58550,0.0
585b3,0.020833333333333332
585d4,0.0
58634,0.029411764705882353
586a0,0.0
586af,0.0
586f5,0.0
58782,0.0
587ab,0.0
587fb,0.0
58874,0.0
5888e,0.0
58891,0.0
5890a,0.0
58910,0.0
5895f,0.0
589cf,0.0
58a5e,0.0
58a6c,0.0
58a95,0.0
58b1b,0.0
58b30,0.0625
58b46,0.0
58ccc,0.0
58e15,0.0
58e22,0.0
58e52,0.02631578947368421
58e65,0.0
58eca,0.02
58f0d,0.0
58f85,0.0
58f9b,0.027777777777777776
58faf,0.0
5900c,0.0
59016,0.0
590df,0.0
59152,0.0
591d9,0.05405405405405406
591f6,0.0
592f4,0.0
59367,0.0
593a9,0.0
5941a,0.0
59424,0.02564102564102564
59471,0.022727272727272728
595d8,0.0
596df,0.0
59807,0.0
59810,0.024390243902439025
5985c,0.02040816326530612
5989a,0.0
598bc,0.0
59a3d,0.0
59a58,0.02
59a6d,0.0
59b1a,0.0
59b7d,0.0
59b9a,0.0
59bd5,0.0
59bf5,0.0
59c4c,0.0
59ca1,0.0
59d7a,0.0
59d88,0.0
59eac,0.0
59f1a,0.0
59f38,0.0
59f56,0.0
59fdd,0.046511627906976744
5a032,0.0
5a0ea,0.0
5a101,0.0
5a151,0.0
5a190,0.01098901098901099
5a216,0.0
5a2cd,0.0
5a2f6,0.0
5a352,0.0
5a353,0.0
5a380,0.0
5a447,0.0
5a479,0.024390243902439025
5a4ae,0.0
5a4e0,0.0
5a583,0.0
5a59e,0.0
5a5ee,0.0
5a61b,0.0
5a638,0.0
5a65f,0.0
5a689,0.0
5a69b,0.0
5a705,0.0
5a7c0,0.025
5a848,0.0
5a8bf,0.024390243902439025
5a8e5,0.0
5a909,0.0
5ab52,0.0
5abb2,0.0
5ac9c,0.0
5acb2,0.0
5acdf,0.0
5ad51,0.0
5ad8b,0.0
5ae56,0.0
5aec0,0.0
5aee5,0.0
5affb,0.0
5b01e,0.0
5b041,0.0
5b04e,0.0
5b061,0.0
5b11f,0.0
5b174,0.0
5b364,0.02127659574468085
5b39e,0.0
5b47d,0.0
5b4b1,0.0
5b4cf,0.0
5b5ca,0.0
5b6a8,0.0
5b6b0,0.0
5b77a,0.0
5b77e,0.0
5b7e9,0.0
5b801,0.0
5b868,0.0
5b8ca,0.0
5b9e4,0.0
5ba64,0.0
5bb58,0.0
5bbca,0.022727272727272728
5bc4f,0.0
5bc57,0.0
5bcf8,0.02631578947368421
5bd71,0.0
5bdc5,0.0
5bdf4,0.0
5bed5,0.02127659574468085
5bf8c,0.06451612903225806
5c072,0.0
5c171,0.0
5c1cc,0.0
5c209,0.0
5c221,0.0
5c28c,0.0
5c3d3,0.0
5c415,0.0
5c418,0.0
5c4b3,0.0
5c4d0,0.0
5c560,0.0
5c67c,0.0
5c6d9,0.0
5c7c3,0.0
5c7e8,0.0
5c86e,0.0
5c8c0,0.0
5ca33,0.0
5ca6a,0.0
5caec,0.0
5caf2,0.018867924528301886
5cb01,0.0
5cc30,0.0
5ccd2,0.0
5ccf0,0.0
5cd5f,0.0
5cd8b,0.0
5cda4,0.0
5ce1a,0.0
5ce65,0.02857142857142857
5cea5,0.023255813953488372
5d03e,0.0
5d077,0.0
5d0c8,0.020833333333333332
5d138,0.0
5d16d,0.02857142857142857
5d1da,0.018518518518518517
5d231,0.0
5d28a,0.0
5d2e5,0.0
5d35a,0.0
5d3bc,0.0
5d3e3,0.0
5d3fa,0.0
5d617,0.0
5d644,0.0
5d663,0.041666666666666664
5d75e,0.0
5d76a,0.0
5d7a9,0.0
5d7d8,0.0
5d87b,0.0
5d93c,0.0
5d969,0.0
5d974,0.0
5db5d,0.0
5dbaa,0.0
5dc56,0.0
5dd3d,0.03571428571428571
5dd43,0.0
5dda4,0.0
5de70,0.0
5de81,0.0
5dea4,0.0
5df1b,0.0
5df33,0.0
5e169,0.023255813953488372
5e1a2,0.02631578947368421
5e213,0.0
5e215,0.0
5e236,0.0
5e2c3,0.0
5e325,0.023255813953488372
5e43f,0.021739130434782608
5e49d,0.0
5e4db,0.02040816326530612
5e515,0.0
5e552,0.0
5e604,0.024390243902439025
5e63c,0.0
5e657,0.0
5e65d,0.0
5e6a8,0.02040816326530612
5e7ca,0.023255813953488372
5e7cd,0.0
5e851,0.0
5e891,0.0
5e909,0.0
5e94f,0.0
5e9f5,0.0
5ea83,0.0
5eb27,0.0
5eb3e,0.02
5eb96,0.0
5ec4a,0.0
5ec74,0.0
5ecac,0.0
5ed55,0.0
5ed5c,0.024390243902439025
5ed84,0.0
5edb9,0.0
5ede3,0.0
5ee03,0.0
5ee06,0.0
5ee19,0.0
5ee68,0.0
5eeae,0.0
5eeb3,0.0
5ef8f,0.0
5f0e8,0.0
5f19f,0.0
5f1c5,0.0
5f222,0.0
5f22f,0.0
5f239,0.0
5f240,0.0
5f24e,0.0
5f27a,0.0
5f284,0.0
5f2a1,0.0
5f319,0.0
5f35b,0.0
5f396,0.0
5f405,0.0
5f418,0.0
5f4c2,0.0
5f4da,0.0
5f570,0.0
5f666,0.021739130434782608
5f6e9,0.0
5f726,0.0
5f72c,0.03225806451612903
5f787,0.0
5f854,0.0
5f8ac,0.025
5f8d4,0.0
5f8e8,0.0
5fa16,0.016666666666666666
5facd,0.0
5fb18,0.037037037037037035
5fb8e,0.0
5fba5,0.0
5fbac,0.0
5fbb6,0.0
5fbcc,0.0
5fc7d,0.0
5fd5d,0.023809523809523808
5fe31,0.0
5fe90,0.0
5fea0,0.021739130434782608
5feb0,0.0
5ff15,0.027777777777777776
5ff27,0.0
5ff6e,0.0
5ff96,0.0
5ffbf,0.0
5fffa,0.0
6006d,0.02127659574468085
600aa,0.0
600ae,0.0
600c8,0.0
600d3,0.0
6017c,0.0
601d2,0.0
60219,0.0
6024d,0.0
60297,0.0
602ef,0.0
602f3,0.0
6033a,0.0
60358,0.0
6041f,0.04878048780487805
604b7,0.0
60575,0.0
605e3,0.0
60664,0.0
60693,0.0
607b3,0.027777777777777776
607df,0.02127659574468085
60812,0.0
6081c,0.0
6083e,0.023255813953488372
60856,0.0
60925,0.0
60956,0.03225806451612903
60a44,0.027777777777777776
60a52,0.0
60b01,0.0
60b0c,0.03125
60b2c,0.0
60bdf,0.023809523809523808
60c6c,0.0
60c74,0.0
60c86,0.0
60cc6,0.0
60e51,0.0
60f40,0.0
61011,0.0
6102b,0.0
61037,0.0
6120f,0.023255813953488372
6127a,0.0
612dc,0.0
612e0,0.0
61325,0.0
613aa,0.030303030303030304
614dd,0.0
6155f,0.0
61576,0.02631578947368421
615de,0.0
6172a,0.0
61799,0.0
6179e,0.0
6187e,0.0
61885,0.0
61903,0.0
6192d,0.0
61954,0.0
61966,0.0
619d3,0.022222222222222223
61a03,0.022222222222222223
61a29,0.0
61a80,0.0
61b03,0.0
61c2e,0.02631578947368421
61c72,0.023255813953488372
61ca1,0.0
61e1d,0.02040816326530612
61e52,0.0425531914893617
61e5f,0.02
61fbe,0.02702702702702703
6209c,0.02564102564102564
620a2,0.03125
620a7,0.0
620b5,0.0
620e7,0.0
62111,0.0
621e8,0.0
62211,0.023809523809523808
6228f,0.0
6231f,0.0
623f5,0.024390243902439025
62469,0.0
62475,0.0
6256e,0.0
62598,0.0
625a7,0.0
62675,0.0
62709,0.0
62728,0.03773584905660377
627b3,0.03225806451612903
627fc,0.027777777777777776
627fd,0.0
6283b,0.02702702702702703
628d4,0.02
6295a,0.0
629bd,0.0
629d7,0.0
629df,0.0
629e8,0.027777777777777776
62aa1,0.0
62b3e,0.0
62bf8,0.0
62c7a,0.0
62ff4,0.0
63030,0.0
63057,0.0
6318e,0.0
63231,0.0
632ab,0.0
632c6,0.0
632da,0.0
633c9,0.0
63429,0.0
63487,0.0
634ed,0.023809523809523808
634f9,0.0
63518,0.0
63627,0.0
63640,0.0
636d6,0.0
6376b,0.01818181818181818
637d9,0.0
637e8,0.0
638d4,0.0
638f3,0.02040816326530612
6399a,0.0
63aef,0.02702702702702703
63bcb,0.0
63c1f,0.0
63ccd,0.0
63d06,0.0
63da8,0.0
63dc3,0.03225806451612903
63e47,0.0
63e5e,0.025
63f0d,0.0
63f2e,0.0
63fed,0.0
6425e,0.04
64397,0.0
643ce,0.0
643e8,0.0
64419,0.021739130434782608
64457,0.0
644f3,0.0
64589,0.0
64661,0.023809523809523808
64674,0.0
648b1,0.0
6491b,0.0
6494d,0.0
64a04,0.0
64a78,0.0
64a7b,0.0
64b86,0.023255813953488372
64e1b,0.0
64e9e,0.027777777777777776
64f3b,0.021739130434782608
64f8a,0.0
64fcc,0.029411764705882353
64fce,0.0
65012,0.0
65046,0.0
6506a,0.0
65124,0.0
65125,0.0
65168,0.0
65254,0.0
6527c,0.0
6530e,0.0
6534d,0.0
6540f,0.0
6541f,0.0
654d6,0.0
65524,0.0
6558e,0.0
6560a,0.0
656e7,0.0
6570f,0.0
65728,0.0
6574e,0.0
65769,0.0
65a1d,0.0
65a20,0.0
65a2f,0.027777777777777776
65a55,0.0
65a89,0.0
65aac,0.0
65aed,0.0
65b03,0.0
65b08,0.0
65b55,0.0
65b95,0.0
65bf9,0.0
65ce7,0.0
65dda,0.0
65e0a,0.02564102564102564
65e31,0.0
65e5e,0.046511627906976744
65e7a,0.0
65ec8,0.021739130434782608
65ecb,0.0
65efa,0.0
65f3c,0.029411764705882353
65fb9,0.0
65fee,0.0
6600a,0.0
66013,0.0
6601f,0.0
66169,0.0
66179,0.0
66221,0.0
66255,0.0
6654c,0.0
6659b,0.0
6666e,0.0
66762,0.027777777777777776
6689b,0.0
66a4f,0.03125
66a64,0.0
66ad1,0.02631578947368421
66b97,0.0
66bba,0.018518518518518517
66bca,0.0
66bd2,0.0
66c22,0.02040816326530612
66c27,0.024390243902439025
66cfc,0.0
66d2f,0.0
66dc0,0.0
66e78,0.0
66e84,0.0
66eaf,0.05405405405405406
66f5e,0.0
66fa8,0.0
66fd8,0.0
66fed,0.0
67016,0.0
6706b,0.0
6708e,0.027777777777777776
670d2,0.02564102564102564
670e7,0.030303030303030304
67181,0.0
671cd,0.0
671e8,0.0
6724c,0.0
672b4,0.0
6738f,0.018518518518518517
6744f,0.02631578947368421
67468,0.022727272727272728
674af,0.02564102564102564
6756e,0.0
67650,0.03225806451612903
676ff,0.0
67735,0.0
67757,0.0
67829,0.0
67830,0.0
678ba,0.02631578947368421
67950,0.0
67962,0.0
679b8,0.0
679c2,0.021739130434782608
67a6a,0.0
67b15,0.0
67b2c,0.0
67b50,0.0
67bb9,0.0
67bc9,0.0
67c1a,0.047619047619047616
67ca9,0.02040816326530612
67d00,0.0
67d76,0.0
67d8a,0.0
67dc4,0.0
67dd9,0.0
67e49,0.0
67e9b,0.023255813953488372
67f2d,0.0
67f69,0.0
67feb,0.0
68007,0.0
68055,0.02127659574468085
68123,0.0
681d1,0.0
681e1,0.0
6821c,0.0
682b4,0.0
68369,0.0
684a3,0.0
6854f,0.023809523809523808
685ce,0.0
68684,0.0
686ae,0.02127659574468085
686e0,0.0
686e3,0.0
6874a,0.02631578947368421
68794,0.0
687b0,0.0
687c7,0.024390243902439025
687d1,0.0
68859,0.05
6885d,0.0
689c1,0.0
689db,0.0
68a1d,0.0
68abd,0.0
68b71,0.0
68b82,0.0
68c21,0.0
68d36,0.0
68e46,0.0
68ec4,0.0
68eec,0.0
68f1a,0.0
68f32,0.0
68f7b,0.0
68fae,0.0
68fe2,0.0
69029,0.0
69135,0.0
69143,0.0
691ef,0.0
692b3,0.0
693aa,0.0
69400,0.0
69463,0.02702702702702703
69466,0.0
694f5,0.0
69509,0.0
6950c,0.0
6958f,0.04
695c6,0.0
695cf,0.0
696c7,0.0
69719,0.0
69741,0.0
69788,0.0
698c8,0.0
69962,0.024390243902439025
69995,0.0
699a5,0.0
699ce,0.0
69a93,0.0
69ad8,0.0392156862745098
69afa,0.0
69c09,0.0
69cd4,0.0
69cdb,0.0
69d38,0.0
69dbf,0.0
69f63,0.0
69fe3,0.0
6a077,0.0
6a11f,0.0
6a1a7,0.0392156862745098
6a20d,0.0
6a3fd,0.0
6a4bd,0.0
6a4c8,0.0
6a4fe,0.0
6a513,0.027777777777777776
6a60d,0.0
6a612,0.0
6a650,0.0
6a6fd,0.02631578947368421
6a79a,0.0
6a806,0.0
6a8d3,0.0
6a8de,0.0
6a921,0.0
6a960,0.0
6a982,0.0
6aafc,0.0
6ab90,0.0
6ac59,0.0
6ad17,0.0
6ae65,0.0
6ae90,0.0
6aeff,0.03333333333333333
6af5a,0.0
6afbf,0.0
6aff1,0.0
6b02a,0.0
6b034,0.0
6b0c6,0.043478260869565216
6b1d3,0.029411764705882353
6b226,0.0
6b2ab,0.0
6b337,0.0
6b3cd,0.0
6b4a5,0.0
6b4a7,0.0
6b4fd,0.0
6b598,0.0
6b6f6,0.0
6b721,0.02127659574468085
6b772,0.0
6b773,0.023255813953488372
6b844,0.0
6b904,0.025
6b997,0.0
6b99b,0.0
6baea,0.0
6bb4e,0.0
6bb90,0.0
6bbf4,0.0
6bccc,0.023809523809523808
6bd6f,0.02631578947368421
6bfdf,0.0
6c192,0.025
6c1a8,0.0
6c1e6,0.0
6c207,0.0
6c2b2,0.023809523809523808
6c2ce,0.0
6c30f,0.0
6c33b,0.02127659574468085
6c578,0.027777777777777776
6c642,0.0
6c646,0.0
6c665,0.0
6c667,0.0
6c682,0.0
6c769,0.0
6c7b2,0.022222222222222223
6c7bf,0.02564102564102564
6c8f0,0.0
6c958,0.0
6c959,0.02702702702702703
6c9c1,0.017241379310344827
6ca47,0.0
6ca7b,0.0
6caa8,0.0
6cbe1,0.0
6cc29,0.0
6cc75,0.0
6ccb1,0.0
6ccf0,0.0
6ce1f,0.0
6cebb,0.022222222222222223
6cf04,0.0
6cf2e,0.0
6d0cd,0.0
6d0e9,0.0
6d15c,0.0
6d182,0.0
6d18c,0.022727272727272728
6d1cd,0.0
6d2c5,0.0
6d317,0.0
6d35e,0.0
6d38c,0.0
6d3d4,0.023255813953488372
6d3ed,0.0
6d467,0.02631578947368421
6d48d,0.025
6d4db,0.0
6d50a,0.0
6d53d,0.0
6d574,0.0
6d5f8,0.0
6d5fc,0.0
6d61b,0.0
6d647,0.0
6d673,0.025
6d68c,0.0
6d68f,0.0
6d6a8,0.0
6d6c3,0.0
6d75c,0.0
6d77d,0.022222222222222223
6d7b0,0.0
6d7d0,0.0
6d7d7,0.0
6d851,0.0
6d8ec,0.0
6d917,0.0
6d9f7,0.0
6da2d,0.047619047619047616
6da5d,0.0
6dad6,0.0
6db05,0.02857142857142857
6db7e,0.0
6db8b,0.0
6dbad,0.0
6dc32,0.0
6ddd1,0.02564102564102564
6df9c,0.0
6dfe3,0.0
6dffa,0.0
6e006,0.0
6e04f,0.0
6e052,0.0
6e08a,0.0
6e0bc,0.0
6e0fb,0.0
6e14c,0.02857142857142857
6e1a6,0.0
6e1d3,0.0
6e1d8,0.0
6e208,0.0
6e237,0.047619047619047616
6e28a,0.0
6e28d,0.0
6e2e6,0.0
6e400,0.02564102564102564
6e424,0.0
6e475,0.031746031746031744
6e48b,0.0
6e4a6,0.0
6e50b,0.03125
6e5ae,0.02040816326530612
6e65b,0.0
6e86c,0.0
6e880,0.0
6e91f,0.0
6e9b9,0.03571428571428571
6ea21,0.029411764705882353
6ea42,0.0
6ebc5,0.0
6ec6f,0.0
6ecb2,0.0
6ecdb,0.022727272727272728
6ee6c,0.0
6eed7,0.0
6eef7,0.0
6ef1c,0.0
6ef4f,0.0
6efc8,0.0
6f065,0.0
6f111,0.0
6f1af,0.0
6f1b8,0.045454545454545456
6f1c8,0.0
6f233,0.0
6f234,0.043478260869565216
6f256,0.02702702702702703
6f2a7,0.021739130434782608
6f2cf,0.0
6f3cc,0.0
6f4fe,0.04878048780487805
6f545,0.02702702702702703
6f62a,0.0
6f669,0.0
6f720,0.0
6f767,0.0
6f77c,0.0
6f782,0.023255813953488372
6f7ed,0.0
6f94c,0.0
6f97a,0.0
6f98f,0.0
6f9c5,0.0
6f9ff,0.0
6fa4c,0.024390243902439025
6fa60,0.0
6fa65,0.02040816326530612
6fa92,0.0
6fada,0.0
6fadf,0.0
6fb03,0.0
6fb35,0.0
6fb6b,0.0
6fe77,0.0
6feae,0.0
6feaf,0.0
6fee0,0.0
6ff56,0.05128205128205128
6ff6c,0.0
6ffd2,0.0
700ea,0.0
70276,0.0
7035c,0.0
7036e,0.05
70384,0.0
7038e,0.0
70397,0.0
7039b,0.03225806451612903
70417,0.0
7045a,0.0
7046d,0.02702702702702703
70475,0.0
7047c,0.0
7047f,0.0
70499,0.0
70511,0.0
705a6,0.0
705af,0.0
70627,0.0
706df,0.0
7072c,0.0
70737,0.0
7088a,0.020833333333333332
708cc,0.019230769230769232
70a5d,0.0
70a6a,0.0
70ab4,0.0
70b65,0.0
70be1,0.0
70bf4,0.018867924528301886
70c7e,0.0
70cc7,0.017857142857142856
70cf4,0.0
70d14,0.0
70da8,0.0
70dab,0.0
70e00,0.0
70e21,0.0
70f69,0.0
7107f,0.02857142857142857
71097,0.0
710d5,0.0
71111,0.0
7116c,0.019230769230769232
71215,0.0
71266,0.0
712fc,0.027777777777777776
71338,0.0
71340,0.0
713e9,0.0
71410,0.024390243902439025
714bc,0.0
71534,0.0
7157f,0.0
71581,0.0
71598,0.0
715b7,0.0
71609,0.0
71636,0.0
7169f,0.0
716c0,0.0
716c9,0.0
716f2,0.0
718e7,0.0
71955,0.0
71a04,0.0
71a87,0.0
71b70,0.0
71c30,0.0
71c38,0.0
71ca4,0.0
71cbe,0.021739130434782608
71d0e,0.03333333333333333
71e18,0.0
71e19,0.0
71e8e,0.0
71ee9,0.0
71f12,0.0
72027,0.0
72039,0.022222222222222223
7204b,0.0
7204f,0.0
720be,0.024390243902439025
72110,0.0
72125,0.0
7212f,0.0
72193,0.0
721fb,0.0
7227e,0.0
72296,0.0
722ab,0.0
72304,0.0
72327,0.0
72355,0.02631578947368421
7237d,0.0
723ef,0.0
7241b,0.02127659574468085
724c9,0.0
724e0,0.0
725e9,0.0
72648,0.03571428571428571
7268b,0.02857142857142857
726f1,0.02040816326530612
7276f,0.0
727ec,0.0
7280a,0.0
7286a,0.022222222222222223
728d4,0.0
728e6,0.0
72984,0.0
729aa,0.0
729f9,0.0
72a9c,0.0
72adf,0.0
72ae5,0.0
72b0e,0.0
72b2f,0.0
72b5f,0.023809523809523808
72c19,0.020833333333333332
72c7c,0.0
72ca1,0.0
72dc5,0.0
72e37,0.0
72f9c,0.025
73012,0.0
73018,0.0
73024,0.0
73061,0.0
730c8,0.0
730de,0.0
7318f,0.0
73229,0.0
732a6,0.0
732ae,0.0
7332b,0.0
7335d,0.0
733a7,0.02857142857142857
733ca,0.0
7345c,0.0
7347f,0.0
734af,0.0
734be,0.0
734c4,0.0
734fd,0.0
73527,0.0
735df,0.0
735e4,0.0
73616,0.030303030303030304
73663,0.0
736ba,0.0
73757,0.0
7379a,0.0
737f9,0.0
73839,0.0
7391a,0.019230769230769232
7396d,0.0
739d7,0.0
739fc,0.0
73a51,0.0196078431372549
73aae,0.0
73ab4,0.0
73b59,0.0
73be0,0.0
73c13,0.0
73cae,0.0
73cfd,0.0
73d19,0.0
73d5c,0.0
73d7b,0.018867924528301886
73e30,0.0
73e4a,0.0
73eb4,0.0
73f49,0.0
73f8a,0.0
74014,0.0
7419e,0.0
741db,0.0
741f4,0.0
741f6,0.0
742c5,0.0
74375,0.0
7439e,0.025
74406,0.0
74470,0.02
7459c,0.02040816326530612
745b0,0.0
745b2,0.0
74611,0.0
74627,0.0
746e4,0.0
7474d,0.0
747a4,0.0
74801,0.0
7489b,0.023255813953488372
748ae,0.0
74a74,0.0625
74ac7,0.0
74b18,0.0
74b55,0.0
74b61,0.0
74bc1,0.0
74bf0,0.0
74c23,0.0
74c77,0.0
74caf,0.023809523809523808
74cfb,0.0
74d75,0.0
74d94,0.0
74dd5,0.0
74deb,0.0
74e97,0.0
74ec0,0.02564102564102564
74ed3,0.0
74fe1,0.0
7514c,0.0
751b0,0.022222222222222223
75219,0.022222222222222223
75236,0.0
7523d,0.0
75282,0.0
753c5,0.0
754ea,0.0
754ec,0.0
7553b,0.0
75565,0.0
755d6,0.024390243902439025
755e3,0.0
75620,0.04878048780487805
7563d,0.0
75676,0.0
756d6,0.0
756f1,0.0
757df,0.0
7581f,0.0
75942,0.0
7594d,0.0
75957,0.023809523809523808
75979,0.0
75ad6,0.0
75b06,0.027777777777777776
75b51,0.0
75c01,0.0
75c2e,0.0
75c6c,0.025
75c80,0.043478260869565216
75d80,0.0
75e97,0.0
75ea2,0.0
76008,0.020833333333333332
76046,0.0
760df,0.029411764705882353
76134,0.0
76182,0.0
761c0,0.023255813953488372
76306,0.0
76444,0.023809523809523808
76464,0.03125
76529,0.0
7659f,0.0
76608,0.0
76633,0.0
76654,0.0
76675,0.0
766c4,0.023809523809523808
76736,0.0
767a7,0.0
76805,0.0
768cf,0.0
7696a,0.0
769bc,0.0
769de,0.0
769ec,0.0
76a04,0.0
76a69,0.024390243902439025
76ac0,0.0
76b76,0.0
76b99,0.0
76bfd,0.0
76d3a,0.0
76dd5,0.0
76df1,0.0
76dff,0.0
76fb5,0.0
770b9,0.0
77102,0.0
77169,0.0
77342,0.0
77403,0.0
7746c,0.0
7747d,0.024390243902439025
774f2,0.0
77534,0.0
77571,0.0
77573,0.0
775b5,0.03125
775f9,0.03125
7767c,0.0
77724,0.0
7779b,0.0
77938,0.0
77a59,0.0
77aa7,0.0
77ade,0.0
77ae8,0.044444444444444446
77b0c,0.0
77b44,0.0
77c35,0.0
77c3d,0.0
77cfa,0.0
77d4b,0.0
77dad,0.0
77e2f,0.0
77e49,0.0
77e5a,0.0
77e84,0.0
77eb1,0.0
77eeb,0.0
77f1e,0.0
77f40,0.0
77f7d,0.0
78099,0.0
780aa,0.0
780b7,0.0
7810f,0.022727272727272728
7817e,0.03333333333333333
78261,0.0
78291,0.0
782c5,0.02040816326530612
782f5,0.020833333333333332
7838a,0.0
7838e,0.0
783fe,0.022222222222222223
7845d,0.034482758620689655
78461,0.023809523809523808
784b3,0.0
784b4,0.0
784c4,0.0
78609,0.0
78636,0.0
787ba,0.0
78875,0.025
788c1,0.0
7895a,0.0
78970,0.027777777777777776
789c2,0.0
789c9,0.0
78b90,0.0
78c1c,0.0
78c7f,0.02631578947368421
78ced,0.0
78d15,0.0
78d29,0.0
78dbc,0.0
78df9,0.0
78e49,0.0
78e5e,0.0
78eb0,0.0
78f36,0.0
78f59,0.0
78f68,0.01818181818181818
78f90,0.0
78f94,0.0
78f9b,0.0
78fe2,0.0
79017,0.0
79046,0.0
79062,0.0
79185,0.0
79186,0.0
791f1,0.0
791f2,0.0
791fd,0.0
7922a,0.0
79276,0.023255813953488372
792d5,0.0
794cd,0.0
7953c,0.0
79542,0.02564102564102564
79575,0.022222222222222223
795ce,0.0
7960b,0.0
796b3,0.0
796bc,0.0
79793,0.0
797ae,0.0
79803,0.0
7984e,0.028169014084507043
79884,0.0
798d0,0.0
798ea,0.023809523809523808
79939,0.0
79986,0.0
799d0,0.0
79b20,0.0
79b54,0.022222222222222223
79bc8,0.0
79c08,0.0
79d52,0.0
79df6,0.0
79e07,0.0
79e82,0.0
79eee,0.0
79f2f,0.024390243902439025
79f48,0.0
7a082,0.022727272727272728
7a0cd,0.0
7a169,0.020833333333333332
7a28a,0.027777777777777776
7a2cd,0.0
7a304,0.0
7a3b4,0.0
7a45e,0.0
7a50b,0.0
7a516,0.0
7a55d,0.030303030303030304
7a5f0,0.0
7a607,0.03333333333333333
7a630,0.0
7a745,0.0
7a78c,0.0
7a7a1,0.0
7a7b6,0.0
7a854,0.0
7a8bc,0.0
7a8cd,0.0
7a955,0.0
7a95b,0.023809523809523808
7a9a1,0.030303030303030304
7a9a4,0.0
7a9d4,0.03125
7a9e4,0.024390243902439025
7a9e9,0.0
7aa47,0.0
7ab0e,0.02127659574468085
7ab1a,0.0
7ab69,0.0
7ab79,0.0
7ac40,0.0
7ac71,0.0
7accf,0.0
7ad6a,0.0
7ad8b,0.0
7ada1,0.0
7ae0d,0.0
7ae92,0.030303030303030304
7aeaa,0.02857142857142857
7af93,0.0
7afb3,0.06060606060606061
7afef,0.0
7b06f,0.0
7b07a,0.0
7b07e,0.0
7b0a5,0.027777777777777776
7b1d4,0.0
7b31b,0.0
7b375,0.0
7b38a,0.025
7b410,0.0
7b4d1,0.0
7b5c8,0.0
7b66f,0.0
7b712,0.02702702702702703
7b78f,0.023809523809523808
7b7f0,0.0
7b81e,0.0
7b833,0.029411764705882353
7b84e,0.0
7b89d,0.0
7b8ae,0.0
7b8d1,0.0
7b961,0.025
7b970,0.0
7b9cd,0.0
7bad5,0.0
7bb8d,0.0
7bbc5,0.0
7bc26,0.0
7bc9f,0.0
7bcb6,0.0
7bced,0.0
7bcef,0.02040816326530612
7be0a,0.0
7be79,0.0
7bf53,0.0
7bfbb,0.0
7c02c,0.023809523809523808
7c08a,0.0
7c198,0.0
7c241,0.0
7c271,0.03508771929824561
7c2aa,0.0
7c2c4,0.0
7c2c8,0.0
7c304,0.0
7c308,0.0
7c3b2,0.0
7c48a,0.027777777777777776
7c498,0.0
7c4cd,0.030303030303030304
7c529,0.0
7c6d0,0.03333333333333333
7c722,0.024390243902439025
7c762,0.02564102564102564
7c998,0.0
7ca16,0.0
7ca24,0.0
7ca33,0.0
7ca65,0.0
7cb76,0.0
7cb9a,0.0
7ccf1,0.0
7cd20,0.0
7cd39,0.0
7cd4f,0.0
7cd7d,0.0
7ce41,0.0
7cf53,0.0
7cf72,0.0
7cf86,0.0
7d000,0.0
7d144,0.02702702702702703
7d1d2,0.0
7d244,0.0
7d2d4,0.041666666666666664
7d306,0.0
7d37a,0.0
7d3b4,0.024390243902439025
7d3ee,0.0
7d493,0.03125
7d5f3,0.0
7d61f,0.0
7d657,0.0
7d6df,0.0
7d6ff,0.05
7d760,0.0
7d764,0.0
7d79e,0.0
7d7b7,0.0
7d81a,0.0
7d824,0.027777777777777776
7d840,0.0
7d895,0.0
7d8c3,0.0
7d938,0.0
7d9fc,0.0
7db63,0.0
7dc27,0.0
7dc42,0.0
7dc46,0.02857142857142857
7dc5e,0.03125
7dc61,0.0
7dc64,0.0
7dc7b,0.0
7dcb8,0.0196078431372549
7dd39,0.0
7dd54,0.018518518518518517
7dd68,0.021739130434782608
7ddbc,0.0
7dded,0.0
7de04,0.0
7de8e,0.0
7df4f,0.022222222222222223
7df88,0.0
7dfa6,0.0
7dfce,0.0
7dfcf,0.03571428571428571
7e020,0.0
7e072,0.0
7e07a,0.0
7e265,0.0
7e2a8,0.0
7e356,0.0
7e3b2,0.0
7e3df,0.023255813953488372
7e40e,0.06818181818181818
7e587,0.0
7e612,0.0
7e687,0.02127659574468085
7e798,0.0
7e7b3,0.0
7e86d,0.0
7e896,0.0
7e8af,0.0
7e911,0.022222222222222223
7e9a4,0.0
7ea29,0.0
7eb39,0.0
7eb46,0.0
7ebbf,0.0
7ed06,0.0
7ed07,0.0
7ed56,0.025
7ed8f,0.027777777777777776
7ee7f,0.0
7eed2,0.0
7ef54,0.0
7ef68,0.0
7ef92,0.0
7f03b,0.0
7f0ef,0.0
7f13d,0.0
7f18a,0.0
7f196,0.0
7f1e1,0.0
7f1ef,0.0
7f269,0.0
7f26b,0.0
7f493,0.0
7f4dc,0.0
7f619,0.0
7f644,0.0
7f695,0.0
7f6c9,0.025
7f82f,0.0
7f85d,0.0
7f933,0.04
7f985,0.0
7f9c6,0.0
7fac5,0.0
7fb73,0.022727272727272728
7fbe5,0.0
7fca8,0.0
7fcb8,0.03125
7fcf7,0.0
7fd01,0.020833333333333332
7ff18,0.0
7ff44,0.0
7ff4d,0.0
7ff5c,0.0196078431372549
7ff60,0.0
80011,0.021739130434782608
800ed,0.0
801b4,0.0
80203,0.0
802a6,0.0
802b4,0.0
802de,0.0
802fc,0.0
8030c,0.0
80336,0.0
8035b,0.0
8038c,0.0
803cd,0.0
80419,0.0
804f3,0.0
805e4,0.0
806c3,0.04878048780487805
80765,0.0
80786,0.0
808ae,0.0
808be,0.0
80904,0.0
80944,0.0
809ab,0.0
80abb,0.0
80acf,0.0
80b98,0.0
80c17,0.02702702702702703
80c54,0.0
80c64,0.0
80df8,0.0
80e30,0.0
80e9f,0.0
80ff3,0.0
8101b,0.0
81069,0.0
8107f,0.021739130434782608
810d6,0.0
81161,0.0
81168,0.0
811bb,0.0
811cc,0.0
812cd,0.0
8144d,0.0
8146f,0.0
81518,0.0
8152e,0.0196078431372549
81543,0.0
81554,0.0
81555,0.0
815d5,0.034482758620689655
8167f,0.0
81685,0.0
816a3,0.0
816b7,0.02857142857142857
816f5,0.0
8176e,0.0
817c9,0.0
8180b,0.024390243902439025
81842,0.022222222222222223
8184a,0.023255813953488372
8188f,0.0
81898,0.0
818a3,0.0
81941,0.0
819be,0.0
819c6,0.0
81a90,0.0
81a93,0.023255813953488372
81b08,0.0
81c4c,0.0
81d48,0.03125
81ddc,0.0
81df7,0.0
81ed3,0.0
81f42,0.027777777777777776
81fe7,0.0
82071,0.02631578947368421
8212d,0.0
8213b,0.0
82145,0.0
82175,0.0
8219e,0.0
821d3,0.02631578947368421
82351,0.02040816326530612
8235b,0.0
82386,0.0
823a4,0.0
823cd,0.0
823dc,0.030303030303030304
824ae,0.0
824c9,0.0
824d4,0.0
824f1,0.0
82648,0.0
82739,0.0
82848,0.0
828b2,0.0
82911,0.0
829d1,0.0
82a7c,0.02127659574468085
82afd,0.0
82bc9,0.0
82bdb,0.0
82ca3,0.0
82ca8,0.0
82cc3,0.0
82cfd,0.0
82d47,0.0
82dc3,0.0
82e29,0.0
82e71,0.03333333333333333
82ec5,0.0
82f60,0.029411764705882353
82fce,0.015873015873015872
83027,0.0
830ec,0.0
83137,0.0
83165,0.0
831b1,0.0
8321e,0.0
832ba,0.0
832c2,0.0
83473,0.0
8359f,0.0
83637,0.0
83771,0.0
83779,0.0
83863,0.0
83934,0.0
83a2b,0.0
83ba2,0.041666666666666664
83c1a,0.0
83c4e,0.0
83c65,0.023809523809523808
83cc6,0.0
83d55,0.0
83de9,0.05555555555555555
83e2b,0.0
83e3d,0.0
83e3e,0.0
83e64,0.0
83f2f,0.0
83f36,0.023255813953488372
8404e,0.0
84093,0.0
840f2,0.0
84150,0.0
8416b,0.0
84231,0.0
8424d,0.0
8427b,0.0
84292,0.0
842a7,0.0
84323,0.0
84324,0.0
8432d,0.0
84367,0.024390243902439025
8437c,0.0
84441,0.027777777777777776
84445,0.0
84466,0.0
845b7,0.0
845df,0.0
84668,0.0
846d8,0.0
847d2,0.0
847f8,0.0
8487d,0.0
848ac,0.018867924528301886
84917,0.0
84926,0.0
84994,0.0
849c8,0.0
84a60,0.0
84ad1,0.02631578947368421
84bc1,0.0
84c96,0.0
84d07,0.021739130434782608
84d52,0.0
84dcf,0.0
84e64,0.0
84ef1,0.0
84f0b,0.0
84f39,0.022222222222222223
84f63,0.0
84f7e,0.0
850d4,0.0
85106,0.0
85270,0.0
85331,0.0
85379,0.0
8538c,0.0
85397,0.0
853ef,0.0
853f0,0.0
85479,0.0
854a7,0.0
85541,0.0
85575,0.0
8559c,0.0
855b2,0.0
85699,0.0
856b8,0.0
856bc,0.0
856f7,0.0
858af,0.0
85911,0.0
8595e,0.0
859df,0.0
859f6,0.0
85a1e,0.0
85a3e,0.0
85a51,0.027777777777777776
85a74,0.02564102564102564
85b16,0.029411764705882353
85b60,0.02702702702702703
85bd6,0.0
85be3,0.0
85bf4,0.0
85c39,0.0
85d32,0.0
85d91,0.0
85e33,0.0
85f09,0.0
85f37,0.025
85f68,0.0
85fb4,0.0
86038,0.0
86090,0.02
860a3,0.0
860e1,0.0
86103,0.0
86139,0.0
8614d,0.0
86185,0.0
861f3,0.022222222222222223
86383,0.0
863c0,0.0
863df,0.025
8640a,0.0
8643f,0.0196078431372549
86474,0.0
864e1,0.0
86656,0.0
86663,0.0
8667d,0.0
8669b,0.0
866bf,0.0
86701,0.027777777777777776
86736,0.0
867b1,0.0
867de,0.0
8689c,0.0
8697b,0.021739130434782608
8698b,0.0
8699b,0.0
869e6,0.0
869f3,0.0
86a39,0.0
86a9c,0.0
86ac4,0.0
86aec,0.0
86b4c,0.0
86b89,0.0
86cb2,0.030303030303030304
86cca,0.0
86d5a,0.0
86d5e,0.0
86d6b,0.0
86dc7,0.0
86e5a,0.0
86fca,0.0
8700c,0.0
87077,0.0
8708c,0.0
870e2,0.0
871a6,0.0
871bf,0.02564102564102564
871cf,0.0
871f3,0.0
87288,0.0
872b9,0.0
87398,0.0
873bb,0.0
873cf,0.0
873ea,0.0
873ff,0.0
8742e,0.0
87431,0.03333333333333333
87439,0.0
87470,0.02127659574468085
874a2,0.0
87514,0.0
87587,0.0
87675,0.0
87677,0.0
87678,0.0
876c1,0.0
876d2,0.0
876e4,0.0
87757,0.0
87758,0.0
87759,0.0
877a7,0.0
878ae,0.0
878b1,0.0
87994,0.0
8799b,0.0
87a1e,0.025
87b04,0.0
87b22,0.0
87b9b,0.0
87ba0,0.0
87cdb,0.0
87d29,0.0
87ddd,0.0
87df8,0.0
87e57,0.0
8804d,0.025
880f6,0.0
881cc,0.0
88229,0.0
882d3,0.0
882de,0.0
88305,0.0
883ed,0.0
8840e,0.0
88427,0.0
884d1,0.0
8852e,0.022727272727272728
8852f,0.0
88534,0.0
88571,0.0
885c1,0.021739130434782608
8865e,0.0
88666,0.0
886b7,0.0
886e2,0.023255813953488372
8870f,0.0
88722,0.023255813953488372
8872f,0.030303030303030304
88782,0.0
887cc,0.0
88817,0.0
88886,0.0
8889c,0.0
888df,0.05128205128205128
889cc,0.0
889dc,0.022222222222222223
88aa7,0.0
88afc,0.0
88b01,0.0
88bee,0.0
88cb6,0.0
88d1e,0.0
88dcd,0.0
88e24,0.0
88eb4,0.0
88f1f,0.03571428571428571
88f69,0.0
88fbb,0.0
88fde,0.045454545454545456
89074,0.038461538461538464
89092,0.0
890ff,0.0
8917d,0.0
89216,0.0
892c5,0.02564102564102564
892ff,0.0
8941a,0.0
8941f,0.02
895b3,0.05128205128205128
895e7,0.0
896d0,0.0
8971e,0.0
89737,0.0
8978c,0.0
898ec,0.0
898fd,0.02127659574468085
8996f,0.021739130434782608
89a00,0.047619047619047616
89ac0,0.0
89b4b,0.0
89b60,0.0
89b7b,0.04878048780487805
89bd5,0.0
89c9f,0.023255813953488372
89ccc,0.0
89d4b,0.0
89df1,0.0
89e25,0.0
89f3f,0.0
89fcd,0.0
8a098,0.0
8a0c7,0.021739130434782608
8a19a,0.0
8a19f,0.0
8a1b9,0.0
8a218,0.0
8a2b9,0.0
8a2dd,0.0
8a352,0.0
8a391,0.0
8a3c9,0.02
8a3cb,0.0
8a4a5,0.022727272727272728
8a568,0.0
8a5ad,0.0
8a5c0,0.0
8a7e8,0.024390243902439025
8a878,0.0
8a95b,0.02631578947368421
8a9eb,0.0
8a9f6,0.0
8aa28,0.0
8aa8c,0.0
8aabe,0.0
8ab2a,0.0
8ab7d,0.0
8ab98,0.02857142857142857
8abc3,0.0
8abca,0.0
8abe2,0.0
8abfc,0.0
8ac40,0.0
8acac,0.0
8ad75,0.0
8ad8a,0.0
8ada5,0.0
8ae7b,0.0
8aee0,0.022727272727272728
8af72,0.02857142857142857
8b048,0.0
8b0f9,0.0
8b11f,0.0
8b1f2,0.0
8b249,0.0
8b3e6,0.0
8b3fa,0.0
8b424,0.0
8b57c,0.0
8b5e9,0.0
8b601,0.0
8b66a,0.0
8b762,0.0
8b76b,0.0
8b803,0.0
8b84c,0.0
8b881,0.029411764705882353
8b93e,0.02631578947368421
8b9a6,0.0
8ba28,0.0
8bada,0.0
8baf0,0.022222222222222223
8bb2a,0.0
8bc21,0.0
8bc53,0.0
8be1d,0.0
8be44,0.022222222222222223
8be7f,0.027777777777777776
8be8a,0.0
8bfe1,0.0
8c04a,0.02702702702702703
8c0a6,0.0
8c0af,0.021739130434782608
8c149,0.0
8c1d7,0.02127659574468085
8c308,0.022222222222222223
8c30c,0.0
8c386,0.02857142857142857
8c3cf,0.0
8c466,0.0
8c582,0.0
8c5d8,0.0
8c5de,0.0
8c65d,0.0
8c667,0.02857142857142857
8c66c,0.0
8c6b6,0.0
8c702,0.0
8c712,0.0
8c71e,0.0
8c73b,0.0
8c74e,0.0
8c7a4,0.0
8c85a,0.0
8c871,0.0
8c91d,0.0
8c96a,0.0
8c96f,0.0
8c993,0.0
8cac6,0.0
8cb6f,0.0
8cc1b,0.0
8cc1d,0.0
8ccb3,0.0
8ccc9,0.0
8ccdf,0.0
8cce0,0.0
8cd18,0.0
8cd2c,0.0
8cd3d,0.0
8cd51,0.0
8cdcf,0.0
8cdf6,0.0
8ce07,0.0
8ce0c,0.0
8cf38,0.044444444444444446
8cfc0,0.0
8cfc2,0.0
8cfd5,0.0
8d003,0.025
8d019,0.0
8d02c,0.0
8d049,0.0
8d059,0.02702702702702703
8d0db,0.0
8d184,0.0
8d1c6,0.0
8d211,0.0
8d25d,0.0
8d424,0.0
8d42e,0.0
8d438,0.0
8d478,0.0
8d47b,0.0
8d4bd,0.0
8d5d8,0.0
8d60b,0.02
8d618,0.0
8d64e,0.0
8d775,0.027777777777777776
8d887,0.0
8d9e0,0.0
8d9eb,0.0
8da2d,0.0
8da3e,0.0
8da5e,0.019230769230769232
8dbe7,0.0
8dc0e,0.03333333333333333
8dc43,0.0
8dc89,0.03225806451612903
8dc92,0.0
8dcf6,0.0
8ddb8,0.0
8ddd8,0.0
8ddec,0.03571428571428571
8ddee,0.0
8ddef,0.027777777777777776
8de64,0.0
8df55,0.02564102564102564
8df8a,0.0
8e13b,0.0
8e14c,0.03571428571428571
8e1de,0.0
8e22c,0.0
8e2d8,0.0
8e360,0.0
8e396,0.0
8e397,0.025
8e3a7,0.0
8e3b0,0.0
8e457,0.025
8e4e8,0.0
8e55e,0.0
8e5b3,0.0
8e5fc,0.0
8e633,0.0
8e69e,0.023809523809523808
8e6f6,0.0
8e72e,0.0
8e8d3,0.0
8e8d7,0.0
8e940,0.0
8e9a4,0.02127659574468085
8e9b7,0.0
8ea60,0.0
8ea62,0.025
8eaf6,0.0
8ecd8,0.0
8eebb,0.0
8efb3,0.0
8f1de,0.0
8f1eb,0.0
8f1ee,0.0
8f225,0.0
8f24f,0.0
8f2c8,0.0
8f307,0.03225806451612903
8f319,0.0
8f38e,0.0
8f3a2,0.0
8f3f2,0.0
8f432,0.0
8f485,0.024390243902439025
8f4ad,0.0
8f552,0.0
8f578,0.0
8f609,0.0
8f64e,0.021739130434782608
8f6a1,0.0
8f6e5,0.0
8f6f5,0.0
8f8db,0.02631578947368421
8f935,0.0
8f944,0.0
8f973,0.0
8fae7,0.0
8fb23,0.0
8fb7e,0.019230769230769232
8fb82,0.0
8fc45,0.0
8fc80,0.0
8fc99,0.0
8fd7a,0.0
8fe40,0.0
8fe83,0.0
8ff0a,0.0
8ff1f,0.0
8ff56,0.0
8ff8a,0.0
8ffd2,0.0
8ffd4,0.0
90005,0.0
90112,0.0
9015a,0.02631578947368421
9021a,0.0
9024b,0.02631578947368421
9027c,0.029411764705882353
902ad,0.0
90310,0.0
90429,0.0
90477,0.0
90480,0.0
904eb,0.0
9052d,0.0
90548,0.0
9054d,0.0
90619,0.0
9066f,0.0
9071a,0.03125
907f6,0.02564102564102564
9081b,0.0
908a9,0.05405405405405406
90961,0.0
909cb,0.0
90a24,0.0
90a88,0.0
90d6c,0.0
90e1a,0.0
90e8b,0.0
90e90,0.0
90ea3,0.02040816326530612
90ee7,0.0
90eec,0.0
90f1e,0.0
910b5,0.0
9111f,0.0
9116b,0.0
911a6,0.0
911b4,0.0
91244,0.0
912f5,0.0
91341,0.0
913e3,0.0
91434,0.0
9145b,0.0
914be,0.0
9158d,0.0
9161d,0.0
91674,0.0
916bb,0.0
91708,0.0
91851,0.0
9187e,0.0
91882,0.0
918d2,0.0
91902,0.02040816326530612
91914,0.0
91937,0.0
91939,0.0
919ed,0.0
919ee,0.0
91a15,0.0
91a36,0.0
91a90,0.0
91b2f,0.0
91b5c,0.0
91b6a,0.0
91b90,0.02127659574468085
91c44,0.0
91ca5,0.0
91d10,0.0
91d48,0.0
91e86,0.0
91ef6,0.0
91fcd,0.0
92021,0.0
92059,0.0
92120,0.0
92196,0.025
922d1,0.0
922d4,0.023809523809523808
922fd,0.0
9238d,0.0
9242d,0.0
9244c,0.0
9253a,0.0
9260d,0.0
9264b,0.0
9267d,0.0
9274a,0.0
92773,0.0
92779,0.02631578947368421
927b0,0.0
927f2,0.0
92809,0.0
92811,0.024390243902439025
92843,0.0
9286e,0.01818181818181818
92936,0.024390243902439025
929d2,0.024390243902439025
92aad,0.0
92af9,0.0
92b55,0.0
92e80,0.02127659574468085
92ee3,0.0
92f05,0.022727272727272728
92f0c,0.0
92fdb,0.0
93118,0.0
93127,0.0
93144,0.0
93190,0.0
931d2,0.05555555555555555
931d7,0.02564102564102564
9324f,0.02564102564102564
93255,0.0
93322,0.0
9336f,0.021739130434782608
93371,0.0
93391,0.022222222222222223
933de,0.0
933f3,0.0
933ff,0.0
935c6,0.0
935da,0.029411764705882353
93611,0.0
93671,0.0
93672,0.0
936e6,0.0
936f7,0.0
93750,0.025
93789,0.0
937d7,0.0
9389b,0.0
9390d,0.020833333333333332
939db,0.0
93a77,0.0
93a80,0.0
93b62,0.0196078431372549
93b73,0.0
93c3e,0.0
93c94,0.0
93d4a,0.0
93e50,0.0
93ef7,0.0
94123,0.0
9412a,0.0
94134,0.0
94160,0.0
94171,0.0
9419e,0.0
9420e,0.0
94239,0.0
942a9,0.0
94342,0.021739130434782608
94345,0.0
9437d,0.0
94413,0.0
94438,0.02564102564102564
9444a,0.0
94458,0.0
94490,0.0
944fa,0.0
944ff,0.01639344262295082
94582,0.0
94653,0.0
94660,0.0
947be,0.058823529411764705
9481e,0.0
948d2,0.0
948fd,0.0
94984,0.0
94a98,0.03225806451612903
94ae8,0.0
94afa,0.0
94b44,0.0
94be6,0.0
94bf9,0.0
94c09,0.0
94c63,0.0
94d94,0.0
94e4a,0.0
94f30,0.025974025974025976
94f3e,0.0
94f74,0.0
94fb7,0.0
94fd1,0.0
95012,0.0
950a2,0.0
950ab,0.0
950b0,0.02631578947368421
951bf,0.02127659574468085
95284,0.0
952ae,0.0
952b1,0.0
952c7,0.046511627906976744
952db,0.0
95340,0.0
95391,0.024390243902439025
953e8,0.0
9541b,0.0
9548f,0.02857142857142857
95528,0.0
95575,0.0
955af,0.02857142857142857
955f6,0.0
95655,0.0
9566a,0.02564102564102564
956dc,0.022222222222222223
956e1,0.0
95703,0.0
95727,0.0
95778,0.0
957aa,0.0
957b0,0.02564102564102564
957de,0.0
95865,0.025
95882,0.0
95917,0.0
95ad3,0.0
95aea,0.047619047619047616
95b2b,0.0
95bc1,0.0
95bc8,0.0
95c70,0.0
95d47,0.0
95e90,0.0
95edd,0.0
95f44,0.0
95f90,0.0
95fd9,0.0
9613f,0.0
961d9,0.0
9625d,0.0
9627d,0.0
96289,0.02702702702702703
962db,0.0
96300,0.02
96316,0.0
96322,0.0
96348,0.0
96354,0.017241379310344827
9640d,0.023255813953488372
96452,0.0
96456,0.0
96474,0.0
965a6,0.0
965a8,0.0
965d7,0.0
966a1,0.0
9670f,0.0
96748,0.0
967a5,0.0
967cf,0.0
967f3,0.024390243902439025
96885,0.0
96894,0.0
96a41,0.0
96a4a,0.0
96a4c,0.0
96aa4,0.0
96ac5,0.0
96b52,0.0
96c83,0.0
96cbc,0.029411764705882353
96cc3,0.0
96e2f,0.0
96e8c,0.0
96eb2,0.025
96eda,0.0
96eea,0.0
96f19,0.0
96f1e,0.0
96f37,0.0
96f59,0.0
96f60,0.0
96f6d,0.0
970ce,0.0
97127,0.0
97191,0.0
97262,0.0
972a4,0.0
972ae,0.0
972f1,0.0
97375,0.0
973c2,0.0
97404,0.0
97409,0.0
97424,0.02564102564102564
97446,0.0
97551,0.0
975e3,0.0
976fd,0.0
97786,0.0
97793,0.0
977c3,0.02857142857142857
977c5,0.0
977c9,0.0
977ed,0.0
978d0,0.0
9794d,0.0
97966,0.0
9798f,0.0
979db,0.0
979e7,0.0
97a45,0.0
97b0b,0.0
97c17,0.0
97ca1,0.0
97ca4,0.0
97d4d,0.0
97e0e,0.0
97e4f,0.0
97e8b,0.0
97ebc,0.021739130434782608
97f46,0.022222222222222223
97fc9,0.0
98018,0.0
98050,0.0
980a9,0.0
980be,0.0
980c4,0.0
980eb,0.02127659574468085
980ec,0.0
9810c,0.0
98177,0.025
98184,0.0
9819e,0.0
981bd,0.0
981e4,0.0
98232,0.0
98264,0.0
98269,0.0
98277,0.0
98293,0.0
98295,0.0
982b3,0.0
98315,0.0
9837c,0.0
98395,0.0
98433,0.0
98440,0.0
984b8,0.0
984bf,0.0
9851b,0.0
98559,0.0
985a3,0.05
985ce,0.0
98677,0.029411764705882353
986cb,0.0
98708,0.0196078431372549
9873a,0.0
987a6,0.0
987e3,0.022222222222222223
9880d,0.0
98854,0.0
989a1,0.0
98b52,0.027777777777777776
98bcc,0.0
98bfe,0.0
98cf5,0.0
98d20,0.0
98d23,0.0
98d2a,0.0
98d30,0.0
98e87,0.0
98ec3,0.0
98ece,0.0
98ee6,0.0
98f04,0.0
98f16,0.0
98f54,0.0
98f59,0.0
98f81,0.0
98f82,0.0
98fdd,0.0
98feb,0.0
99067,0.0
99132,0.023809523809523808
99144,0.0
991a5,0.0
991af,0.0
9932e,0.02040816326530612
99369,0.0
99409,0.0
99428,0.0
99456,0.0
99523,0.0
996b8,0.0
99781,0.0
99894,0.0
998a9,0.0
998e5,0.0
9994b,0.0
9995f,0.0
99991,0.0
999f6,0.0
999ff,0.0
99a39,0.0
99ac5,0.0
99b19,0.0
99b58,0.0
99bb0,0.0
99bb8,0.02857142857142857
99c25,0.0
99d7a,0.0
99da6,0.0
99e23,0.0
99e32,0.0
99e3a,0.02631578947368421
99e3f,0.0
99e66,0.0
99fd4,0.024390243902439025
9a07e,0.0
9a0bb,0.0
9a1ca,0.025
9a21f,0.0
9a22d,0.0
9a25d,0.0
9a27b,0.0
9a2dd,0.0
9a2e0,0.0
9a303,0.0
9a34a,0.0
9a380,0.0
9a3b1,0.0
9a43c,0.0
9a445,0.0
9a478,0.0
9a4ac,0.0
9a539,0.0
9a5ed,0.02857142857142857
9a629,0.023809523809523808
9a69a,0.0
9a72a,0.0
9a76b,0.0
9a781,0.0
9a803,0.0
9a81d,0.0
9a832,0.018518518518518517
9a915,0.0
9a91a,0.0
9a93d,0.0
9a9b7,0.0
9aaf8,0.0
9ab7d,0.0
9abfe,0.0
9ac26,0.0
9ac75,0.0
9ac9e,0.0
9acea,0.0
9ad84,0.0
9ae34,0.0
9ae53,0.022727272727272728
9ae8f,0.0
9ae97,0.0
9af42,0.0
9b079,0.021739130434782608
9b08b,0.0
9b09f,0.027777777777777776
9b0a0,0.0
9b119,0.0
9b1f2,0.0
9b325,0.0
9b343,0.0
9b34d,0.02631578947368421
9b384,0.0
9b3dd,0.0
9b44a,0.0
9b48b,0.0
9b516,0.0
9b610,0.029411764705882353
9b842,0.024390243902439025
9b867,0.02702702702702703
9b8e5,0.029411764705882353
9b960,0.012658227848101266
9ba5a,0.02702702702702703
9ba76,0.0
9ba91,0.0
9bc0c,0.0
9bc91,0.0
9bd06,0.0
9bdaa,0.0
9be78,0.0
9bedc,0.0
9bef6,0.0
9bf33,0.0
9bf64,0.0
9bfc1,0.0
9c071,0.044444444444444446
9c0b9,0.0
9c142,0.027777777777777776
9c145,0.0
9c1b9,0.0
9c1e4,0.0
9c334,0.0
9c339,0.0
9c35d,0.023255813953488372
9c38b,0.0
9c3a1,0.02702702702702703
9c3ea,0.0
9c3eb,0.027777777777777776
9c467,0.0
9c4bb,0.0
9c4ca,0.023809523809523808
9c545,0.021739130434782608
9c620,0.0
9c638,0.0
9c664,0.0
9c676,0.0
9c8a8,0.0
9c8ef,0.0
9c989,0.0
9c9c5,0.0
9c9f1,0.0
9ca14,0.0
9ca1f,0.025
9ca2f,0.0
9cb67,0.023255813953488372
9cb8e,0.0
9cb97,0.025
9cc6b,0.0
9ccab,0.0
9cccf,0.0
9ccda,0.0
9ccef,0.0
9cd1d,0.0
9ceb4,0.0
9ced6,0.0
9cf3d,0.024390243902439025
9cf99,0.0196078431372549
9d1d7,0.0
9d1f6,0.0
9d222,0.0
9d271,0.0
9d385,0.023809523809523808
9d3d2,0.0
9d3f6,0.0
9d450,0.0
9d484,0.025
9d4cb,0.0
9d4da,0.0
9d58c,0.0
9d59a,0.0
9d617,0.0
9d639,0.02702702702702703
9d676,0.0
9d6cb,0.0
9d6ed,0.0
9d79d,0.0
9d802,0.0
9d842,0.0
9d9b9,0.02040816326530612
9d9d7,0.0
9da4f,0.0
9db12,0.0
9db70,0.0
9dbaf,0.0
9dc32,0.0
9dc3d,0.0
9dd1c,0.02857142857142857
9dd67,0.0
9dd8d,0.0
9dd9b,0.0
9ddf7,0.0
9de44,0.0
9de9c,0.0
9df77,0.0
9dfde,0.0
9dff4,0.024390243902439025
9e0b3,0.0
9e0c3,0.0
9e106,0.0
9e216,0.0
9e276,0.0
9e313,0.0
9e31a,0.0
9e470,0.0
9e47a,0.0
9e542,0.0
9e5c4,0.0
9e690,0.0
9e701,0.0
9e796,0.030303030303030304
9e830,0.0
9e89c,0.0
9e8a6,0.0
9e8b3,0.0
9e8c7,0.0
9e923,0.0
9e928,0.0
9e9cf,0.0
9ea47,0.02040816326530612
9ea62,0.0
9ea6a,0.0
9eaa2,0.0
9eaa3,0.02631578947368421
9eb5c,0.0
9eba1,0.0
9ec36,0.0
9ec3a,0.0
9edfe,0.0
9ee00,0.0
9ee31,0.027777777777777776
9eeab,0.0
9eeda,0.0
9efca,0.0
9f0a5,0.0
9f0ed,0.0
9f1c1,0.0
9f1c2,0.0
9f24d,0.0
9f29a,0.0
9f3a1,0.0
9f3d1,0.0
9f485,0.0
9f4fb,0.0
9f51d,0.0
9f579,0.0
9f589,0.0
9f599,0.023809523809523808
9f5ee,0.0
9f6a2,0.0
9f702,0.037037037037037035
9f706,0.0
9f736,0.0
9f760,0.0
9f89c,0.034482758620689655
9f8a2,0.0
9f8d7,0.0
9f8dd,0.0
9f929,0.0
9f954,0.0
9f964,0.0
9f98b,0.0
9f9de,0.0
9fbcc,0.0
9fc3b,0.0
9fcd7,0.0
9fd9f,0.0
9fe19,0.0
9fe2a,0.0
9fea8,0.0
9feef,0.0
9ff21,0.0
9ff6f,0.0
a008b,0.0
a00b1,0.02702702702702703
a00ce,0.0
a012f,0.0
a018c,0.0
a0199,0.0
a0206,0.02702702702702703
a02b9,0.0
a032f,0.0
a033a,0.0
a0413,0.0
a041f,0.0
a044e,0.02702702702702703
a047e,0.0
a04b1,0.0
a04f7,0.024390243902439025
a0505,0.0
a050d,0.0
a05ee,0.0
a0612,0.0
a0640,0.023809523809523808
a066f,0.0
a067e,0.0
a068d,0.0
a06bc,0.0
a0885,0.0
a089f,0.0
a08c1,0.0
a08c9,0.0
a091a,0.0
a093e,0.0
a09c6,0.0
a0a2d,0.0
a0a39,0.019230769230769232
a0b89,0.0
a0c22,0.0
a0cc9,0.0
a0ce8,0.0
a0d52,0.0
a0d6f,0.0
a0e19,0.0
a0ebd,0.0
a0ed3,0.0
a0ee1,0.021739130434782608
a0f2a,0.0
a0f2d,0.023255813953488372
a0f9a,0.0
a112e,0.0
a11a3,0.0
a11cb,0.0
a11e5,0.0
a122f,0.0
a1231,0.0
a125b,0.0
a1289,0.0
a1301,0.030303030303030304
a13ee,0.0
a1419,0.0
a144a,0.02631578947368421
a148b,0.0
a14b6,0.0
a14c9,0.0
a14f2,0.0
a1531,0.0
a154d,0.02127659574468085
a1567,0.0
a1572,0.025
a15a7,0.0
a15f7,0.027777777777777776
a1654,0.0
a16c9,0.0
a16d3,0.02857142857142857
a17ad,0.0
a1835,0.0
a1917,0.0
a1954,0.0
a197f,0.0
a1985,0.0
a19cc,0.0
a1a42,0.0
a1a76,0.0
a1b50,0.0
a1be6,0.0
a1c4d,0.0
a1c5a,0.027777777777777776
a1c84,0.02702702702702703
a1d14,0.0
a1d9e,0.0
a1e11,0.0
a1ea3,0.0
a1f60,0.0
a1feb,0.0
a1ff1,0.02127659574468085
a2058,0.0
a20ad,0.027777777777777776
a2121,0.0
a221a,0.0
a2295,0.058823529411764705
a2387,0.0
a2388,0.0
a23cc,0.0
a2474,0.0
a24a3,0.0
a24cb,0.0
a2511,0.0
a2524,0.0
a2579,0.02564102564102564
a2602,0.0
a2677,0.0
a269a,0.0
a26ef,0.0
a26f1,0.0
a2737,0.0
a27a9,0.0
a286c,0.0
a28d1,0.0
a29a8,0.0
a2a61,0.023255813953488372
a2a93,0.0
a2a9f,0.0
a2b22,0.0
a2b3e,0.0
a2b7a,0.0
a2b83,0.0
a2bb3,0.027777777777777776
a2bc2,0.027777777777777776
a2bcc,0.0
a2bed,0.0
a2d57,0.0
a2dbf,0.0
a2f46,0.0
a2fc8,0.0
a301a,0.0
a30ff,0.0
a3126,0.02631578947368421
a3149,0.0
a31b2,0.0
a31d6,0.025
a3215,0.0
a32d2,0.0
a3351,0.02631578947368421
a3403,0.02631578947368421
a349a,0.023255813953488372
a34e6,0.0
a354d,0.0
a3562,0.0
a3599,0.0
a3630,0.0
a36b2,0.02702702702702703
a36da,0.0
a36e7,0.0
a36f6,0.0
a374b,0.01818181818181818
a383b,0.0
a383f,0.0
a3844,0.0
a388c,0.0
a38e6,0.0
a397b,0.0
a398b,0.024390243902439025
a39c6,0.0
a3a4d,0.0
a3b26,0.0
a3b8b,0.0
a3ba9,0.0
a3bde,0.0
a3bec,0.0
a3c57,0.0
a3cb3,0.0
a3e51,0.0
a3f38,0.0
a3f60,0.0
a3f9a,0.018518518518518517
a4010,0.0
a405b,0.0
a405d,0.0
a4089,0.03571428571428571
a41d2,0.0
a4221,0.0
a4252,0.0
a433b,0.018518518518518517
a4388,0.02127659574468085
a43ac,0.0
a446c,0.0
a4490,0.0
a44a2,0.0
a44aa,0.023809523809523808
a4621,0.0
a468f,0.0
a46f2,0.0
a477b,0.0
a4889,0.0
a48fd,0.0
a49a7,0.0
a49ba,0.0
a49e8,0.0
a4a98,0.0
a4acc,0.0
a4b97,0.0
a4c54,0.0
a4cff,0.0
a4d4d,0.0
a4d76,0.0
a4d92,0.0
a4d93,0.0
a4d9a,0.0
a4e7d,0.0
a4ee4,0.0
a4ef0,0.02702702702702703
a501a,0.0
a5041,0.0
a50f7,0.02631578947368421
a510f,0.0
a512c,0.0
a51f3,0.0
a5294,0.0
a52c6,0.0
a52ef,0.0
a5370,0.0
a555a,0.0
a5582,0.0
a5620,0.0
a5647,0.0
a5678,0.0
a56a7,0.0
a570d,0.02702702702702703
a5765,0.029411764705882353
a5813,0.0
a5827,0.0
a58c8,0.0
a58f7,0.0
a5978,0.0
a5b22,0.0
a5b3b,0.0
a5b4f,0.02702702702702703
a5c1b,0.0
a5c3e,0.02857142857142857
a5dd8,0.0
a5e53,0.0
a5e61,0.038461538461538464
a5e72,0.0
a5f27,0.0
a5f46,0.0
a5fa1,0.0
a5fe5,0.0
a5fec,0.0
a60a1,0.030303030303030304
a60cc,0.0
a6128,0.0
a618b,0.0
a61c5,0.0
a622f,0.017857142857142856
a627d,0.0
a6342,0.0
a63a3,0.0
a63b9,0.0
a63d7,0.0
a63e6,0.0
a667d,0.0
a6692,0.025
a6693,0.0
a66fb,0.0
a66ff,0.0
a6719,0.0
a6727,0.02631578947368421
a6746,0.02
a6765,0.0
a67c1,0.0
a6804,0.030303030303030304
a680c,0.0
a6816,0.0
a6936,0.0
a699b,0.019230769230769232
a6a2a,0.0196078431372549
a6a40,0.0
a6b34,0.023809523809523808
a6b89,0.029411764705882353
a6bab,0.0
a6bc9,0.0
a6bca,0.0
a6c11,0.0
a6c7a,0.02127659574468085
a6cc4,0.0
a6dd4,0.0
a6e73,0.0
a6ec2,0.0
a6ed9,0.0
a6eeb,0.0
a6f13,0.0
a6f94,0.0
a6f98,0.0
a7073,0.0
a70a5,0.0
a70f0,0.0
a70fe,0.0
a717d,0.024390243902439025
a7198,0.0
a71e8,0.0
a7218,0.0
a722c,0.0
a730d,0.0
a731d,0.0
a7379,0.0
a738c,0.0
a7396,0.0
a73e3,0.025
a73fb,0.024390243902439025
a73fc,0.03571428571428571
a7409,0.02857142857142857
a7413,0.0
a744c,0.0
a7473,0.0
a74bb,0.0
a74fe,0.0
a7530,0.0
a75e2,0.0
a761c,0.0
a7655,0.0
a77b5,0.0
a77cf,0.0
a77d3,0.0
a77e3,0.0
a7a04,0.0
a7a51,0.0
a7b34,0.0
a7b42,0.0
a7b86,0.0
a7c22,0.0
a7d05,0.0
a7d28,0.0
a7e53,0.0
a7e68,0.0
a7f01,0.0
a8062,0.0
a808b,0.0
a808d,0.0
a810c,0.02857142857142857
a81ca,0.0
a8209,0.0
a8244,0.0
a8290,0.0
a831b,0.0
a8405,0.02857142857142857
a84ec,0.0
a8505,0.0
a850c,0.024390243902439025
a85e4,0.0
a874d,0.0
a876e,0.0
a8807,0.0
a8895,0.0
a88c0,0.020833333333333332
a88f4,0.0
a8a39,0.023809523809523808
a8a8d,0.0
a8ad9,0.0
a8b3a,0.0
a8b90,0.0
a8bc7,0.022727272727272728
a8c2c,0.0
a8cf0,0.0
a8d28,0.0
a8ded,0.0
a8df8,0.0
a8e42,0.0
a8e83,0.0
a8ec5,0.0
a8f19,0.0
a8f29,0.0
a8fce,0.0
a9042,0.0
a9054,0.0
a906d,0.0
a90e5,0.0
a9104,0.0
a91a3,0.0
a923c,0.0
a9266,0.0
a943d,0.0
a9477,0.0
a9490,0.029411764705882353
a9529,0.0
a955c,0.0
a95f1,0.0
a967f,0.02631578947368421
a971e,0.0
a9a06,0.0
a9a87,0.03225806451612903
a9b30,0.0
a9b86,0.020833333333333332
a9dd8,0.0
a9e22,0.0
a9ef8,0.0
a9f18,0.0
a9f3d,0.0
aa06b,0.0
aa08d,0.0
aa138,0.0
aa250,0.0
aa2b3,0.0
aa3af,0.0
aa420,0.0
aa43f,0.0
aa4d3,0.024390243902439025
aa50a,0.027777777777777776
aa510,0.0
aa545,0.0196078431372549
aa625,0.0
aa652,0.0
aa6e2,0.0
aa702,0.0
aa79d,0.0
aa80b,0.0
aa8d0,0.0
aa9a7,0.0
aa9f6,0.0
aaa1a,0.0
aaa43,0.0
aaa5e,0.029411764705882353
aaaef,0.02127659574468085
aab12,0.0
aab7c,0.0
aab94,0.0
aaceb,0.0
aacf2,0.025
aad11,0.0
aad2f,0.0
aae04,0.0
aae0e,0.0
aae9b,0.020833333333333332
aaeab,0.0
aaed1,0.0
aaeff,0.03333333333333333
ab009,0.0
ab029,0.0
ab1ec,0.0
ab210,0.0
ab29f,0.0
ab34c,0.025
ab3a9,0.02857142857142857
ab486,0.0
ab52a,0.0
ab551,0.0
ab659,0.0
ab719,0.0
ab786,0.0
ab7c0,0.0
ab83a,0.0
ab911,0.0
ab98f,0.0
ab9a8,0.0
ab9ad,0.02564102564102564
abb51,0.0
abbeb,0.0
abc49,0.02631578947368421
abcda,0.0
abde9,0.0
abe50,0.0
abe75,0.027777777777777776
abe8d,0.0
abf68,0.0
ac071,0.0
ac0d1,0.0
ac0d8,0.0
ac10d,0.0
ac1a9,0.0
ac216,0.0
ac22e,0.0
ac260,0.0
ac27c,0.0
ac340,0.0
ac346,0.0
ac4c0,0.0
ac5f7,0.0
ac5f9,0.0
ac632,0.0
ac637,0.0
ac646,0.0
ac670,0.0
ac677,0.0
ac7d9,0.0
ac7db,0.0
acae1,0.0
acb6a,0.0
acc61,0.024390243902439025
acc9a,0.0
accc0,0.024390243902439025
accde,0.022727272727272728
acd77,0.0
acdd4,0.0
acdfb,0.0
ace0d,0.0
ace25,0.029411764705882353
ad03f,0.0
ad0a9,0.0
ad146,0.0
ad154,0.0
ad2cd,0.0
ad39e,0.0
ad405,0.0
ad431,0.0
ad5b0,0.0
ad677,0.0
ad689,0.037037037037037035
ad6de,0.0
ad744,0.0
ad7eb,0.0
ad839,0.0
ad9d2,0.0
ad9f1,0.0
ada81,0.0
ada9c,0.0
adb38,0.0
adb64,0.0
adbdf,0.027777777777777776
adc26,0.027777777777777776
adc63,0.0
adcf9,0.0
add7d,0.0
adda7,0.0
ade15,0.0
ade29,0.0
ade51,0.0
adf01,0.024390243902439025
adf8d,0.0
adf8f,0.0
ae011,0.0
ae015,0.0
ae018,0.021739130434782608
ae020,0.0
ae051,0.030303030303030304
ae061,0.0
ae0fc,0.0
ae133,0.0
ae1d6,0.025
ae1ec,0.02857142857142857
ae226,0.0
ae324,0.0
ae371,0.02564102564102564
ae41e,0.0
ae49a,0.022727272727272728
ae4c1,0.0
ae540,0.0
ae57f,0.0
ae649,0.021739130434782608
ae69e,0.0
ae6c7,0.03225806451612903
ae70a,0.0
ae83c,0.0
ae84f,0.0
ae8a9,0.022727272727272728
ae96c,0.0
ae9bd,0.0
aea2d,0.0
aea5c,0.0
aea96,0.018867924528301886
aeb9f,0.0
aeba4,0.024390243902439025
aebbe,0.0
aec1a,0.0
aec45,0.0196078431372549
aec76,0.0
aecf3,0.0
aed35,0.024390243902439025
aedbf,0.0
aee71,0.0
aee86,0.02631578947368421
aeeff,0.021739130434782608
aef10,0.0
aef43,0.0
aef6e,0.02702702702702703
aef82,0.0
af05e,0.0
af0c7,0.0
af109,0.0
af12a,0.0
af147,0.0
af21c,0.0
af271,0.0
af2da,0.0
af344,0.0
af3d4,0.0
af497,0.0
af50f,0.0
af5f0,0.0
af610,0.0
af6b2,0.02127659574468085
af74b,0.03571428571428571
af7cd,0.0
af853,0.0
af85d,0.0
af87a,0.0
af8ae,0.022222222222222223
af8d2,0.0
af914,0.0
af91d,0.024390243902439025
af927,0.0
af988,0.029411764705882353
afa70,0.0
afaaa,0.0
afb8e,0.0
afb98,0.0
afba5,0.0
afbb4,0.02564102564102564
afc17,0.0392156862745098
afc1b,0.0
afc3d,0.0
afc4b,0.0
afc64,0.0
afd40,0.0
afd95,0.02040816326530612
afd9a,0.0
aff4b,0.0
affb5,0.0
b018d,0.0
b01ae,0.0
b030e,0.0
b042a,0.0
b0486,0.0
b0495,0.0
b04a5,0.0
b04df,0.0
b0505,0.0
b0580,0.0
b05c4,0.0
b060e,0.0
b06ba,0.0
b070c,0.0
b0739,0.0
b07e9,0.0
b094c,0.02631578947368421
b0965,0.0
b0986,0.0
b0a5a,0.0
b0b27,0.0
b0b46,0.0
b0b7d,0.0
b0b9d,0.0
b0c30,0.0
b0c70,0.0
b0c85,0.022727272727272728
b0d31,0.0
b0d46,0.0
b0de1,0.0
b0e35,0.023809523809523808
b0ea4,0.023255813953488372
b0eb9,0.0
b0eec,0.0
b0ef6,0.0
b0f3d,0.0
b0f7e,0.0
b0fac,0.0
b1062,0.0
b1065,0.0
b111f,0.0
b1125,0.0
b1192,0.0
b11a7,0.0
b11c1,0.02564102564102564
b120e,0.0
b1218,0.0
b1239,0.023809523809523808
b123a,0.0
b12a8,0.0
b133d,0.0
b13b5,0.0
b13db,0.0
b13f3,0.0
b1501,0.0
b1524,0.0
b1607,0.0
b16ba,0.029411764705882353
b16fc,0.0
b171f,0.0
b1779,0.0
b1843,0.024390243902439025
b18b3,0.02857142857142857
b1909,0.0
b1914,0.03125
b1955,0.0
b195b,0.0
b19be,0.025
b1a64,0.0
b1b0b,0.0
b1b45,0.02564102564102564
b1b5f,0.0
b1b72,0.0
b1bf9,0.0
b1c66,0.0
b1ca8,0.0
b1d40,0.0
b1db1,0.024390243902439025
b1dd3,0.023255813953488372
b1ea8,0.0
b1f07,0.0
b1f0b,0.0
b2022,0.0
b2088,0.0
b20d4,0.0
b213d,0.0196078431372549
b22a2,0.0
b230f,0.0
b2402,0.0
b24c3,0.02564102564102564
b2518,0.0
b269d,0.0
b26a5,0.0
b26ca,0.0
b2721,0.0
b27e9,0.0
b27f4,0.0
b2911,0.0
b2912,0.0
b2915,0.0
b292f,0.0
b299c,0.020833333333333332
b2a20,0.0
b2a65,0.022222222222222223
b2a90,0.023255813953488372
b2aac,0.0
b2b16,0.0
b2bce,0.0
b2c1d,0.0
b2c80,0.0
b2cc7,0.0
b2ce4,0.0
b2dd6,0.0
b2e75,0.0
b2f2a,0.0
b2f60,0.0
b3016,0.0
b305b,0.0
b307f,0.0
b3087,0.0
b30c8,0.0
b31ec,0.0
b33c5,0.0
b33c8,0.0
b3455,0.0
b3473,0.0
b34cd,0.0
b3550,0.0
b35f0,0.0
b365c,0.02702702702702703
b36bd,0.0
b3740,0.0
b384d,0.0
b38b6,0.0
b3c6d,0.0
b3c74,0.0
b3da2,0.0
b3e28,0.0
b3e63,0.0
b3e8f,0.0
b3f4b,0.0
b3f84,0.0
b3fe4,0.023809523809523808
b4005,0.0
b4036,0.0
b4076,0.0
b4095,0.024390243902439025
b40a2,0.0
b4125,0.0
b412b,0.0
b41fd,0.0
b4221,0.0
b439a,0.0
b43e2,0.0
b4461,0.019230769230769232
b446a,0.0
b446f,0.0
b44b5,0.0
b4510,0.0
b461d,0.0
b4682,0.0
b46a7,0.0
b483f,0.0
b4949,0.0
b49b0,0.0
b49de,0.0
b49ef,0.0
b4ae0,0.0
b4aed,0.0
b4b22,0.0
b4b46,0.0
b4b4d,0.0
b4c37,0.0
b4c68,0.0
b4c88,0.022727272727272728
b4c92,0.0
b4cd0,0.0
b4d61,0.0
b4d89,0.023809523809523808
b4dd6,0.0
b4e13,0.0
b4e95,0.02857142857142857
b4e9f,0.0
b4f3d,0.0
b4f71,0.0196078431372549
b4f98,0.023809523809523808
b4fed,0.021739130434782608
b4ff1,0.0
b5057,0.0
b50b7,0.0
b5145,0.0
b5177,0.0
b51be,0.0
b53a4,0.029411764705882353
b53c7,0.022727272727272728
b53df,0.0
b545a,0.0
b546d,0.0
b54fd,0.02127659574468085
b5510,0.0
b55e5,0.0
b5655,0.0
b567d,0.0
b5687,0.0
b56a7,0.0
b56bd,0.0
b56fc,0.0
b571f,0.0
b5776,0.024390243902439025
b5814,0.0
b582a,0.02564102564102564
b5856,0.0
b5864,0.0
b5894,0.0
b58a3,0.0
b58a9,0.0
b58e4,0.0
b5947,0.025
b5999,0.0
b59b3,0.0
b5a0a,0.0
b5ab7,0.0
b5abf,0.020833333333333332
b5ae1,0.0
b5c9a,0.0
b5ce4,0.0
b5d0b,0.012195121951219513
b5e4c,0.0
b5ee7,0.0
b5f03,0.0
b5f39,0.0
b5f3a,0.0
b5f47,0.0
b5fa9,0.0
b602f,0.0
b603d,0.0
b606f,0.0
b609d,0.03225806451612903
b609e,0.0
b60f8,0.0
b617c,0.0
b6206,0.0
b6269,0.02127659574468085
b626f,0.0
b628f,0.0
b632a,0.0
b6353,0.027777777777777776
b63e9,0.0
b6548,0.02702702702702703
b6645,0.0
b66a0,0.0
b6746,0.0
b67b7,0.058823529411764705
b67be,0.0
b6865,0.0
b6901,0.0
b6915,0.02702702702702703
b6941,0.0
b698d,0.0
b69c6,0.0
b69fb,0.0
b6a7d,0.0
b6ae8,0.0
b6afb,0.0
b6b46,0.0
b6b9b,0.0
b6bb6,0.0
b6c5c,0.0
b6c8a,0.0
b6cc7,0.0
b6d9b,0.0
b6da1,0.0
b6df8,0.0
b6e08,0.02702702702702703
b6e74,0.0
b6e8f,0.0
b6f1d,0.0
b6f58,0.0
b6f86,0.0
b6fa5,0.0
b708c,0.0
b70ac,0.0
b70db,0.0
b70fd,0.0
b71fe,0.045454545454545456
b7221,0.0
b7291,0.023809523809523808
b72a9,0.0
b7330,0.0
b73bf,0.018867924528301886
b73d5,0.0
b73e4,0.0
b746f,0.0
b74d1,0.0
b755d,0.0
b759f,0.0
b75c9,0.0
b75fe,0.0
b7628,0.0
b762c,0.0
b7674,0.02127659574468085
b7687,0.0
b7730,0.0
b7787,0.0
b77bc,0.0
b784a,0.0
b79c1,0.0
b79e1,0.0
b7af5,0.0
b7c20,0.0
b7c47,0.020833333333333332
b7c4d,0.0
b7c75,0.029411764705882353
b7cc3,0.0
b7dcf,0.0
b7dea,0.0
b7e30,0.0
b7f1a,0.0
b7f4f,0.0
b7f9b,0.0
b7f9d,0.0
b7fb8,0.0
b7fbc,0.023255813953488372
b805a,0.0
b8080,0.0
b8087,0.0
b8109,0.0
b812b,0.0
b813d,0.0
b816f,0.0
b817e,0.0
b81a9,0.0
b81d2,0.0
b81e0,0.0
b8218,0.0
b82cf,0.02564102564102564
b836b,0.02631578947368421
b83f5,0.0
b8400,0.0
b849a,0.0
b8575,0.0
b85a3,0.0
b85b8,0.0
b8602,0.030303030303030304
b87f7,0.0
b884f,0.0
b88a7,0.023809523809523808
b88df,0.0
b89c3,0.0
b8a03,0.0
b8a90,0.0
b8ac2,0.0
b8b5a,0.0
b8c6a,0.0
b8c78,0.027777777777777776
b8d20,0.0
b8d46,0.0
b8df9,0.0
b8ee1,0.0
b8f4a,0.0
b8fb5,0.025
b8ff0,0.02631578947368421
b908f,0.025
b90be,0.024390243902439025
b90c5,0.0
b91a7,0.0
b91c4,0.0
b926c,0.030303030303030304
b934e,0.0
b93c2,0.0
b94af,0.0
b9530,0.02127659574468085
b953e,0.0
b9677,0.0
b967c,0.0
b96a7,0.0
b9744,0.0
b9750,0.02702702702702703
b9763,0.0
b97d1,0.0
b9807,0.0
b980c,0.02702702702702703
b9825,0.024390243902439025
b98d1,0.020833333333333332
b990c,0.0
b992c,0.0
b99a1,0.0
b99ee,0.0
b9a24,0.0
b9a3d,0.0
b9bfe,0.0
b9c69,0.0
b9c92,0.0
b9ce7,0.0
b9d7f,0.0
b9dd9,0.0
b9de3,0.04081632653061224
b9ef4,0.0
b9ff7,0.0
ba05c,0.0
ba081,0.0
ba0b3,0.0
ba101,0.0
ba158,0.0
ba16a,0.0
ba1b2,0.0
ba256,0.0
ba26d,0.0
ba307,0.0
ba310,0.0
ba341,0.0
ba358,0.0
ba371,0.021739130434782608
ba3a8,0.03125
ba47f,0.02702702702702703
ba48b,0.0
ba534,0.02564102564102564
ba58e,0.0
ba5af,0.05405405405405406
ba61b,0.0
ba684,0.03125
ba6b5,0.0
ba6be,0.0
ba71e,0.0
ba7f7,0.05714285714285714
baa08,0.0
baa3b,0.0
baa5e,0.0
baa76,0.0
baa78,0.0
bab3b,0.0
babc6,0.0
babd5,0.0
bac57,0.0
bacc9,0.02631578947368421
baced,0.0
bae2c,0.0
bae6c,0.0
bae96,0.0
baebc,0.0
baed7,0.0
baf38,0.02702702702702703
baf4b,0.0
baf66,0.0
baf6c,0.0
bb03f,0.0
bb062,0.0
bb0df,0.029411764705882353
bb122,0.0
bb145,0.0
bb294,0.0
bb2d0,0.0
bb4f2,0.0
bb548,0.02040816326530612
bb595,0.0
bb5a6,0.022727272727272728
bb5e1,0.02040816326530612
bb5f2,0.0
bb6ac,0.0
bb752,0.0
bb7c6,0.0
bb8c6,0.0
bb9ca,0.0
bba5b,0.0
bbb0f,0.0
bbb16,0.0
bbb51,0.0
bbc0d,0.0
bbc12,0.0
bbed6,0.0
bbf13,0.023809523809523808
bbffe,0.0
bc018,0.0
bc092,0.0
bc097,0.0
bc121,0.0
bc12c,0.0
bc132,0.02564102564102564
bc19b,0.0
bc1bf,0.0
bc20d,0.0
bc268,0.0
bc289,0.0
bc315,0.0
bc321,0.023255813953488372
bc3d5,0.0
bc470,0.022727272727272728
bc490,0.029411764705882353
bc49a,0.0
bc4b5,0.02127659574468085
bc507,0.0
bc50e,0.0
bc583,0.0
bc59f,0.0
bc5b3,0.0
bc5d7,0.02
bc6cb,0.0
bc6cf,0.0
bc6d6,0.0
bc6e6,0.0
bc780,0.0
bc806,0.0
bc837,0.0
bc890,0.0
bc8ac,0.0
bc8b2,0.0
bc902,0.0
bc921,0.0
bc97a,0.0
bc98a,0.0
bc9c0,0.01282051282051282
bcac7,0.0
bcaf4,0.0
bcb00,0.0
bcb6f,0.0
bcba6,0.0
bcbe4,0.0
bcc2a,0.0
bcceb,0.0
bcd67,0.0
bcdb8,0.0
bce83,0.0
bce89,0.0
bce8e,0.025
bcef6,0.02564102564102564
bcf20,0.02702702702702703
bcf26,0.0
bcf7d,0.023255813953488372
bcfb4,0.0
bd013,0.021739130434782608
bd0bf,0.0
bd0f5,0.0
bd0f7,0.0
bd154,0.027777777777777776
bd205,0.0
bd263,0.02702702702702703
bd265,0.0
bd2ae,0.0
bd2e2,0.0
bd399,0.0
bd39f,0.0
bd40f,0.0
bd425,0.030303030303030304
bd549,0.0
bd610,0.0
bd6bb,0.0
bd6e3,0.025
bd740,0.0
bd748,0.02702702702702703
bd74a,0.0
bd751,0.07317073170731707
bd848,0.0
bd84c,0.0
bd887,0.0
bd89a,0.0
bd8c5,0.0
bd93b,0.0
bda4b,0.0
bdafd,0.03571428571428571
bdb58,0.0
bdc70,0.030303030303030304
bdd05,0.023809523809523808
bddd5,0.0
bde9a,0.030303030303030304
be064,0.0
be0c2,0.0
be0f1,0.0
be10c,0.0
be218,0.0
be219,0.0
be2b4,0.0
be340,0.0
be380,0.0
be3e7,0.0
be462,0.0
be496,0.0
be520,0.0
be55a,0.0
be5ec,0.0
be6b2,0.0
be6c4,0.0
be6e3,0.02857142857142857
be6f0,0.0
be74c,0.0
be8e6,0.0
be913,0.0
be998,0.0
be9ee,0.0
bea69,0.0
beaa7,0.0
beae2,0.020833333333333332
beaf7,0.023255813953488372
beb68,0.0
beb84,0.0
beba1,0.0
beba6,0.0
bec44,0.0
beccf,0.0
becfc,0.0
bed1c,0.0
bed2d,0.0
bed73,0.0
bedcd,0.0
bee00,0.0
bef26,0.027777777777777776
bef31,0.02564102564102564
bef87,0.0
befb0,0.0
befb3,0.0
bf001,0.024390243902439025
bf067,0.0
bf113,0.02040816326530612
bf226,0.029411764705882353
bf277,0.0
bf2b4,0.0
bf2b9,0.0
bf3d5,0.022222222222222223
bf4c0,0.016666666666666666
bf4c4,0.0
bf50c,0.0
bf528,0.02857142857142857
bf5ba,0.0
bf63a,0.0
bf76d,0.0
bf846,0.0
bf8d9,0.0
bf8fe,0.0
bf91d,0.0
bf967,0.025
bf9ac,0.0
bf9d1,0.0
bf9dd,0.0
bfa9f,0.0
bfadb,0.017857142857142856
bfb09,0.0
bfbf3,0.01818181818181818
bfc9b,0.0425531914893617
bfcaa,0.023255813953488372
bfd4f,0.021739130434782608
bfe25,0.0
bfed9,0.0
bffae,0.0
c0031,0.0
c025d,0.0
c0298,0.0
c0300,0.02040816326530612
c0320,0.0
c0367,0.0
c0472,0.0
c04f2,0.0
c0527,0.0
c05e2,0.0
c0641,0.024390243902439025
c0649,0.0
c0739,0.0
c0797,0.0
c082e,0.0
c08c3,0.0
c0a03,0.0
c0a81,0.020833333333333332
c0af1,0.0
c0b1b,0.0
c0bf2,0.023809523809523808
c0cca,0.0
c0d02,0.037037037037037035
c0d61,0.0
c0d9e,0.0
c0f03,0.0
c0f4b,0.0
c10a7,0.02564102564102564
c10ea,0.0
c117d,0.0
c1261,0.0
c129c,0.02127659574468085
c12f8,0.0
c135e,0.0
c1416,0.0
c1450,0.03125
c145a,0.0
c14ee,0.0196078431372549
c1568,0.0
c1572,0.03333333333333333
c15b4,0.0
c164e,0.0
c1679,0.0
c169c,0.0
c16fd,0.03225806451612903
c1795,0.0
c189d,0.0
c18a3,0.021739130434782608
c18cf,0.0
c18f2,0.0
c190f,0.0
c19bc,0.0
c1ac5,0.0
c1b12,0.0
c1b75,0.0
c1b96,0.0196078431372549
c1be6,0.0
c1bfd,0.0
c1c8c,0.0
c1d1a,0.0
c1e04,0.0
c1ed9,0.0
c1ef3,0.03225806451612903
c1f2a,0.0
c21a3,0.0
c21de,0.0
c220b,0.0
c224e,0.0
c2280,0.0
c22b3,0.0
c237b,0.023809523809523808
c2381,0.0
c23c7,0.0
c240a,0.0
c2449,0.0
c2452,0.0
c2467,0.0
c24ad,0.0
c25d9,0.024390243902439025
c27a5,0.0
c2923,0.0
c2963,0.0
c2995,0.05714285714285714
c29b9,0.0
c29bb,0.0
c29c1,0.0
c2a24,0.02040816326530612
c2a8d,0.0
c2a95,0.021739130434782608
c2a9b,0.0
c2b6c,0.0
c2ec3,0.0
c2fa2,0.0
c2fdf,0.0
c308f,0.0
c3092,0.02
c31d0,0.0
c31e6,0.0
c32c4,0.024390243902439025
c32f0,0.0
c3330,0.0
c3348,0.0
c336a,0.024390243902439025
c33c3,0.0
c34a1,0.0
c3512,0.0
c358b,0.0
c35a2,0.0
c35bf,0.0
c35c3,0.0
c3601,0.0
c361b,0.017543859649122806
c3628,0.0
c3743,0.022222222222222223
c378b,0.043478260869565216
c3793,0.0
c3846,0.0
c3856,0.022727272727272728
c398f,0.02040816326530612
c3a36,0.0
c3b76,0.0
c3bd8,0.0
c3c2b,0.0
c3d29,0.03225806451612903
c3d65,0.0
c3de0,0.0
c3e40,0.0
c3ea7,0.029411764705882353
c3f40,0.0
c3f6c,0.0
c3f76,0.0
c3fb9,0.0
c4011,0.0
c4099,0.0
c40a1,0.0
c4133,0.0
c413e,0.0
c416d,0.0
c4183,0.0
c4211,0.0
c4366,0.0
c439b,0.0
c43c5,0.023809523809523808
c43eb,0.0
c4446,0.0
c4476,0.0
c44e0,0.0
c45a1,0.02857142857142857
c45a3,0.0
c4669,0.0
c46bb,0.02127659574468085
c4700,0.0
c470b,0.0
c4920,0.0
c4925,0.0
c4991,0.0
c4a5e,0.0
c4ada,0.0
c4afb,0.0
c4b45,0.0
c4b64,0.0
c4bc4,0.0
c4c27,0.0
c4c33,0.03225806451612903
c4cf3,0.0
c4e1d,0.0
c4f61,0.0
c4f6d,0.0
c4f8e,0.0
c4ffd,0.0
c50e4,0.0
c5153,0.0
c51ae,0.0
c5205,0.0
c5280,0.0
c53bb,0.023809523809523808
c53f2,0.023809523809523808
c53fb,0.02631578947368421
c5418,0.0
c5453,0.02631578947368421
c54e3,0.0
c554c,0.0
c5552,0.0
c557f,0.0
c55af,0.0
c561c,0.0
c5650,0.0
c5693,0.0
c5802,0.0
c5825,0.0
c587e,0.0
c5947,0.023809523809523808
c598a,0.0
c5c4c,0.0
c5c64,0.0
c5d0f,0.0
c5d9b,0.0
c5e39,0.0
c5e7b,0.0
c5f34,0.0
c60a8,0.0
c61da,0.0
c61fb,0.0
c6263,0.05714285714285714
c6483,0.02127659574468085
c64c0,0.0
c65ba,0.0
c65e1,0.0
c6667,0.0
c6787,0.0
c67ca,0.0
c6821,0.0
c68d5,0.0
c68e2,0.0
c6943,0.02127659574468085
c6996,0.02564102564102564
c6a78,0.0
c6a83,0.024390243902439025
c6aa0,0.0
c6ad5,0.0
c6af0,0.0
c6b11,0.0
c6c2a,0.0196078431372549
c6c6b,0.0
c6dd4,0.0
c6e03,0.0
c6e95,0.0
c6efe,0.0
c6f6d,0.023809523809523808
c6fd2,0.025
c70ce,0.0
c714f,0.0
c7225,0.0
c72ae,0.029411764705882353
c72fd,0.024390243902439025
c736a,0.02564102564102564
c74de,0.0
c74f6,0.0
c7511,0.0
c7548,0.0
c756a,0.0
c7617,0.0
c7637,0.0
c76b5,0.018518518518518517
c7825,0.0
c78d3,0.02857142857142857
c7910,0.0
c791a,0.0
c7aef,0.0
c7bcc,0.023809523809523808
c7bd1,0.0
c7c00,0.0
c7c57,0.0
c7cc1,0.0
c7d02,0.029411764705882353
c7dde,0.0
c7e1d,0.0
c7ec0,0.0
c7ec8,0.0
c7efc,0.02564102564102564
c7efd,0.0625
c7f47,0.0
c7fd4,0.0
c7fe6,0.0
c8022,0.0
c80f5,0.0
c826e,0.0
c82d6,0.0
c830b,0.0
c83a4,0.0
c83fe,0.0
c84c5,0.0
c8539,0.023255813953488372
c8588,0.0
c85d3,0.0
c8620,0.0
c865c,0.0
c867b,0.0
c8680,0.0
c86ab,0.043478260869565216
c8788,0.0
c8901,0.0
c890a,0.0
c8969,0.0
c8986,0.0
c8abe,0.0
c8b2b,0.0
c8b4e,0.0
c8ba7,0.027777777777777776
c8bbb,0.0
c8bc6,0.0
c8c09,0.0
c8c34,0.0
c8c74,0.0
c8c85,0.0
c8d73,0.022727272727272728
c8e5c,0.0
c8ec9,0.0
c8f01,0.0
c8f31,0.0
c8fcc,0.0
c900f,0.0
c9013,0.02564102564102564
c9022,0.0
c905e,0.0
c907d,0.0
c9083,0.0
c91e7,0.0
c9232,0.021739130434782608
c92ca,0.0
c93db,0.02857142857142857
c93ec,0.03571428571428571
c95c2,0.0
c96f4,0.0
c9708,0.0
c97cb,0.0
c97cd,0.0
c97dd,0.02857142857142857
c983a,0.0
c984d,0.025
c9890,0.0
c9895,0.0
c98ba,0.0
c99e5,0.0
c9a6f,0.0
c9a99,0.0
c9c60,0.0
c9cc7,0.0
c9d0f,0.0
c9e12,0.0
c9e38,0.0
c9e58,0.0
c9e9e,0.021739130434782608
c9f70,0.0
c9f7a,0.0
c9fa9,0.0
c9ff5,0.0
ca039,0.0
ca197,0.0
ca1a6,0.0
ca28d,0.0
ca35b,0.0
ca40d,0.0
ca44a,0.02702702702702703
ca46d,0.02564102564102564
ca484,0.0
ca4d5,0.0
ca4eb,0.0
ca50e,0.0
ca58d,0.0
ca728,0.0
ca72b,0.0
ca7af,0.0
ca7e6,0.0
ca816,0.0
ca843,0.0
ca878,0.0
ca8a8,0.0
ca901,0.0
ca92d,0.0
ca984,0.0
caa25,0.03225806451612903
cab30,0.0
cac49,0.0
cac9c,0.0
cad41,0.0
caefe,0.0
cafb0,0.0196078431372549
cafe3,0.0
cb02f,0.0
cb095,0.0
cb0b4,0.0
cb0bb,0.023255813953488372
cb14c,0.0
cb18d,0.0
cb213,0.0
cb244,0.025
cb2b7,0.0
cb4e1,0.0
cb5a7,0.0
cb5e5,0.0
cb601,0.0
cb603,0.02564102564102564
cb619,0.0
cb6ae,0.0
cb702,0.0
cb74c,0.0
cb74e,0.0
cb772,0.0
cb776,0.0
cb8aa,0.024390243902439025
cb8b2,0.0
cb97c,0.0
cbaf6,0.0
cbb67,0.0
cbb8d,0.0
cbbe0,0.027777777777777776
cbc21,0.0
cbc45,0.0
cbcbe,0.034482758620689655
cbd49,0.022222222222222223
cbdf6,0.0
cbed7,0.0
cbee0,0.0
cbf60,0.0
cbf77,0.0
cbf7b,0.0
cbfb9,0.0
cc02a,0.0
cc07c,0.02
cc081,0.02127659574468085
cc0e0,0.0
cc127,0.0
cc12d,0.0
cc1d1,0.0
cc2d7,0.0
cc309,0.0
cc3c1,0.0
cc3f7,0.0
cc3f9,0.0
cc48f,0.0
cc512,0.0
cc55a,0.023809523809523808
cc657,0.022222222222222223
cc679,0.0
cc6c7,0.0
cc6db,0.0
cc6fd,0.0
cc70e,0.0
cc728,0.0
cc971,0.0
cc98d,0.0
cca1f,0.018518518518518517
ccaf9,0.0
ccbe3,0.0
ccc42,0.01818181818181818
ccc57,0.0
ccd47,0.0
cce25,0.025
cce2b,0.0
ccf30,0.0
ccf79,0.047619047619047616
cd0b5,0.0
cd15c,0.0
cd1ec,0.0
cd28c,0.027777777777777776
cd2c5,0.020833333333333332
cd2c7,0.0
cd324,0.0
cd40b,0.0
cd48b,0.0
cd54a,0.0
cd54d,0.0
cd557,0.0
cd5bd,0.024390243902439025
cd70d,0.02564102564102564
cd721,0.0
cd73b,0.0
cd839,0.02631578947368421
cd863,0.0
cd865,0.0
cd8da,0.0
cd8e1,0.023809523809523808
cd9e9,0.0
cda6a,0.0
cdacc,0.046511627906976744
cdae5,0.0
cdb43,0.0
cdbfd,0.0
cdd16,0.0
cdd3b,0.0
cddb6,0.02040816326530612
cddd8,0.0
cddd9,0.0
cde4b,0.0
cdefa,0.027777777777777776
cdf43,0.0
ce004,0.0
ce03f,0.0
ce0f6,0.0
ce130,0.0
ce13a,0.0
ce154,0.0
ce1b4,0.0
ce1fa,0.0
ce29c,0.0
ce331,0.0
ce396,0.027777777777777776
ce3fc,0.0
ce4df,0.0
ce514,0.0
ce54f,0.0
ce563,0.0
ce57d,0.0
ce596,0.02631578947368421
ce5f0,0.02564102564102564
ce652,0.0
ce672,0.0
ce696,0.0
ce6a0,0.0
ce6bf,0.0
ce818,0.0
ce829,0.0
ce838,0.0
ce8b9,0.0
cea29,0.0
cea3a,0.0
cea78,0.0
cea9b,0.0
cec33,0.0
cecaf,0.0
cecbe,0.0
ced11,0.0
cee66,0.0
cee99,0.0
cef30,0.0
cef85,0.0
cef97,0.0
cf031,0.029411764705882353
cf05e,0.0
cf0b9,0.0
cf119,0.0
cf12b,0.0
cf24f,0.0
cf2c7,0.0
cf2d7,0.0
cf304,0.0
cf334,0.0
cf4bb,0.0
cf530,0.0
cf571,0.0
cf594,0.0
cf5b0,0.023255813953488372
cf5cd,0.0
cf5f8,0.0
cf625,0.0
cf64c,0.0
cf6da,0.0
cf6fb,0.0
cf719,0.0
cf72f,0.0
cf773,0.0
cf774,0.0
cf776,0.0
cf7bc,0.0
cf7d7,0.0
cf85d,0.0
cf88e,0.0
cf8d4,0.0
cf8df,0.0
cf8e1,0.030303030303030304
cf99a,0.0
cfa6b,0.0
cfaae,0.04081632653061224
cfae9,0.0
cfb0e,0.0
cfb1e,0.023809523809523808
cfbb2,0.0
cfd8d,0.0
cfdd2,0.03225806451612903
cfeee,0.0
cff0a,0.02127659574468085
d0069,0.0
d01e2,0.0
d01e3,0.0
d0225,0.0
d02a2,0.0
d02aa,0.0
d02e9,0.0
d031e,0.0
d0326,0.0
d0364,0.0
d037b,0.0
d03d7,0.0
d03dd,0.0
d049c,0.0
d04d9,0.07407407407407407
d0752,0.0
d07f7,0.0
d0820,0.0
d08a6,0.023809523809523808
d08c5,0.024390243902439025
d0a40,0.0
d0be5,0.0
d0bec,0.0
d0c1b,0.0
d0d71,0.0
d0e16,0.0
d0e18,0.0
d0e20,0.0
d0e48,0.0
d102f,0.0
d10c1,0.0
d10d1,0.021739130434782608
d1168,0.0
d1284,0.0
d12ea,0.0
d12ef,0.0
d12f0,0.0
d143c,0.0
d1461,0.0
d14c4,0.03225806451612903
d1563,0.0
d1575,0.0
d15a1,0.0
d15aa,0.0
d15db,0.0
d1739,0.0
d17aa,0.0
d17b0,0.0
d17e4,0.0
d17e9,0.0
d1846,0.0
d1979,0.0
d1989,0.022222222222222223
d19de,0.0
d19fe,0.0
d1a82,0.0
d1a9f,0.0
d1af5,0.0
d1b29,0.0
d1b68,0.0
d1c33,0.0
d1c55,0.0
d1c58,0.0
d1cc3,0.029411764705882353
d1cd5,0.0
d1ce9,0.0
d1d37,0.0
d1d57,0.0
d1de6,0.0
d1e11,0.029411764705882353
d1e33,0.02702702702702703
d1e3b,0.03125
d1e7e,0.024390243902439025
d1ee6,0.0
d1fb2,0.0
d1fc5,0.0
d1fde,0.0
d2023,0.0
d209e,0.0
d20f6,0.0
d2126,0.0
d2129,0.0
d21e4,0.0
d2294,0.0
d22cf,0.0
d2369,0.0
d2370,0.0
d24c2,0.0
d24d9,0.0
d25a9,0.0
d25c3,0.0
d25fb,0.0
d260b,0.0
d2628,0.0
d2647,0.0
d2653,0.0
d265b,0.0
d2681,0.0
d2708,0.0
d2737,0.0
d273c,0.0
d2744,0.021739130434782608
d27b5,0.0
d27d6,0.0
d282a,0.02631578947368421
d286a,0.0
d2945,0.0
d294a,0.0
d298a,0.0
d2ac1,0.018518518518518517
d2ac3,0.0
d2b75,0.0
d2b8a,0.0
d2ba0,0.0
d2bf5,0.0
d2c8e,0.0
d2d58,0.0
d2dc1,0.0
d2dcb,0.0
d2e14,0.0
d2eac,0.0
d2f00,0.020833333333333332
d2f0b,0.0
d30d4,0.0
d313d,0.0
d318c,0.0
d3195,0.0
d327d,0.0
d3283,0.0
d32a4,0.020833333333333332
d33d0,0.02
d34e5,0.0
d3510,0.0
d35e5,0.0
d35ee,0.0
d3659,0.02127659574468085
d36f6,0.0
d37d3,0.0
d3824,0.0
d3883,0.0
d38f9,0.0
d3900,0.0
d392e,0.05263157894736842
d39b1,0.0
d3aca,0.024390243902439025
d3bb8,0.0
d3bbf,0.0
d3dc1,0.0
d3e61,0.05084745762711865
d3ee3,0.0
d3ff9,0.0
d40a4,0.0
d419c,0.0
d41eb,0.0
d41f8,0.0
d429a,0.0
d4330,0.0
d4331,0.0
d433d,0.0
d43a6,0.0
d43a7,0.0
d43da,0.0
d441c,0.02631578947368421
d44e3,0.0
d457f,0.0
d4590,0.0
d4597,0.0
d45c4,0.024390243902439025
d4715,0.022727272727272728
d47f3,0.0
d4977,0.0
d49ba,0.0
d4a13,0.0
d4a2b,0.030303030303030304
d4a30,0.0
d4aab,0.0
d4abf,0.0
d4aee,0.0
d4b9c,0.0
d4bde,0.0
d4cf6,0.0
d4d1d,0.02127659574468085
d4e23,0.022222222222222223
d4e54,0.0
d4ea6,0.0
d4f22,0.022727272727272728
d5179,0.0
d51a6,0.0
d5218,0.0
d5222,0.0
d5248,0.034482758620689655
d5251,0.0
d528a,0.0
d52a0,0.023809523809523808
d5368,0.021739130434782608
d53cd,0.0
d53da,0.0
d541d,0.0
d5439,0.0
d54b0,0.0
d54b4,0.0
d54bd,0.025
d5504,0.0
d5585,0.02631578947368421
d55e2,0.0
d56c2,0.02564102564102564
d5729,0.023255813953488372
d5751,0.0
d5774,0.0
d57ee,0.0
d589d,0.0
d58ef,0.02702702702702703
d5914,0.0
d5937,0.023809523809523808
d5963,0.0
d5989,0.0
d59ff,0.023255813953488372
d5a16,0.0
d5a66,0.0
d5ae0,0.02564102564102564
d5b37,0.05660377358490566
d5ba2,0.0
d5bbe,0.0
d5bca,0.0
d5ca6,0.0
d5d86,0.0
d5db6,0.0
d5e7f,0.022222222222222223
d5eb7,0.0
d5ed1,0.05405405405405406
d5fc5,0.0
d5fdb,0.0
d5fe7,0.0
d6047,0.029411764705882353
d60a6,0.0
d60ba,0.0
d60c8,0.0
d60d6,0.0
d6113,0.0
d616c,0.02631578947368421
d63b0,0.0
d6400,0.0
d6423,0.0
d646a,0.023255813953488372
d6499,0.0
d64dc,0.0
d652c,0.0
d6531,0.0
d66ad,0.07142857142857142
d6701,0.0
d67f8,0.0
d683e,0.023809523809523808
d684a,0.0
d687a,0.0
d689d,0.0
d6907,0.0
d691d,0.0
d6953,0.0
d699f,0.0
d69bb,0.0
d69c6,0.0
d69f1,0.0
d6a97,0.0
d6b56,0.058823529411764705
d6ba7,0.0
d6bea,0.0
d6c12,0.0
d6c73,0.0
d6dc1,0.02631578947368421
d6e16,0.029411764705882353
d6ec5,0.0
d6edf,0.0
d6ee4,0.0
d6f01,0.0
d6f1e,0.023809523809523808
d6fd3,0.0
d6fdf,0.0
d702c,0.0
d71c8,0.03125
d71f5,0.0
d7268,0.0
d72ab,0.0
d735c,0.0
d73cc,0.0
d73d4,0.024390243902439025
d73e0,0.0
d73e5,0.0
d7438,0.0
d74af,0.02564102564102564
d74cf,0.0
d7573,0.0
d758e,0.02857142857142857
d75a9,0.0
d7610,0.0
d7624,0.0
d7630,0.0
d7727,0.0
d77cd,0.0
d77d6,0.0
d7835,0.0
d784a,0.0
d7919,0.0
d7963,0.0
d797f,0.0
d79a2,0.027777777777777776
d7a06,0.022222222222222223
d7a12,0.0
d7a30,0.0
d7a5a,0.02702702702702703
d7b19,0.0
d7c4e,0.0
d7c74,0.0
d7c8f,0.023809523809523808
d7c93,0.022727272727272728
d7cdb,0.024390243902439025
d7dd4,0.0
d7e2a,0.0
d7e32,0.0
d7e39,0.0
d7ede,0.0
d7f33,0.0
d7f8b,0.0
d7f90,0.0
d7fb1,0.022727272727272728
d8053,0.0
d8071,0.0
d8168,0.0
d818d,0.022222222222222223
d81a2,0.023809523809523808
d81ca,0.0
d81da,0.023809523809523808
d823b,0.0
d8288,0.0
d83b3,0.0
d83d5,0.0
d83d9,0.043478260869565216
d84c0,0.0
d84ca,0.0
d84d7,0.02127659574468085
d8507,0.0
d85e0,0.0
d8627,0.0
d86da,0.0
d875c,0.0
d8859,0.02702702702702703
d887e,0.0196078431372549
d8957,0.0
d8969,0.0
d89ba,0.041666666666666664
d8a18,0.0
d8a38,0.0
d8a80,0.0
d8ae4,0.0
d8b56,0.0
d8b87,0.0
d8bf8,0.0
d8c63,0.0
d8d31,0.03225806451612903
d8d9a,0.0
d8e09,0.022222222222222223
d8e2d,0.0
d8e43,0.0
d8eb0,0.0
d8f23,0.0
d8fce,0.0
d90aa,0.0
d90bd,0.0
d915e,0.0
d91a5,0.022222222222222223
d91b1,0.02702702702702703
d924a,0.0
d9280,0.0
d9381,0.0
d93b6,0.0
d93bc,0.0
d93d2,0.0
d93f6,0.0
d9471,0.05
d9482,0.0
d949a,0.019230769230769232
d955d,0.0
d95a2,0.0
d95ce,0.021739130434782608
d9686,0.0
d96cc,0.0
d98df,0.0
d98e3,0.0
d9913,0.0
d991a,0.0
d992d,0.018518518518518517
d9952,0.0
d99d2,0.0
d99dc,0.0
d9a20,0.0
d9ab5,0.0
d9b2f,0.0
d9be3,0.0
d9c3d,0.022727272727272728
d9d10,0.0
d9d33,0.0
d9d7c,0.0
d9dbb,0.0
d9df8,0.0
d9e76,0.0
d9e86,0.0
d9ec5,0.027777777777777776
d9f9a,0.0
d9fde,0.0
da029,0.0
da078,0.0
da0fc,0.0
da109,0.023809523809523808
da149,0.0
da176,0.0
da272,0.0
da2ad,0.02702702702702703
da341,0.0
da350,0.022727272727272728
da3c7,0.0
da42e,0.0
da444,0.0
da46b,0.0
da502,0.0
da583,0.0
da640,0.0
da699,0.0
da7dc,0.0
da857,0.0
da86a,0.0
da8dc,0.0
da9c0,0.02702702702702703
da9cb,0.0
daa32,0.0
dab38,0.0
dab69,0.0
dacee,0.0
dad89,0.0
dadd4,0.0
dae22,0.0
dafd1,0.0
db070,0.0
db0cc,0.0
db103,0.0
db179,0.0
db1fd,0.02631578947368421
db2ab,0.0
db2c6,0.0
db2d1,0.022222222222222223
db2f8,0.023255813953488372
db310,0.0
db31a,0.0
db3fe,0.022727272727272728
db4ba,0.020833333333333332
db502,0.0
db5c2,0.0
db5da,0.0
db60c,0.0
db613,0.0
db61f,0.0
db624,0.022727272727272728
db644,0.0
db650,0.0
db651,0.0
db6b2,0.0
db6e0,0.0
db6e7,0.02127659574468085
db714,0.0
db719,0.0
db724,0.0
db7a0,0.0
db846,0.0
db8a2,0.023255813953488372
db8d6,0.0
db905,0.0
db918,0.0
db99f,0.0
dbacd,0.0
dbae4,0.030303030303030304
dbb98,0.0
dbbb3,0.0
dbbfb,0.0
dbc1e,0.02631578947368421
dbc74,0.0
dbcce,0.0
dbd8e,0.0
dbde9,0.0
dbf3e,0.02040816326530612
dbf4a,0.0
dc041,0.023809523809523808
dc09d,0.0
dc0cb,0.0
dc19a,0.0
dc209,0.0
dc29b,0.0
dc2c3,0.0
dc2da,0.0
dc2e6,0.0
dc2f6,0.0
dc31f,0.0
dc35e,0.0
dc3ab,0.0
dc3b7,0.0
dc3b8,0.0
dc3dc,0.025
dc3ef,0.02631578947368421
dc4e0,0.0
dc505,0.0
dc534,0.0
dc546,0.0
dc57d,0.02857142857142857
dc596,0.0
dc5bb,0.0
dc5fd,0.0
dc67f,0.0
dc6d1,0.0
dc6e9,0.0
dc6f5,0.0
dc73b,0.0
dc79f,0.0
dc7be,0.0
dc806,0.0
dc837,0.047619047619047616
dc8f8,0.06060606060606061
dc9f9,0.0
dca65,0.0
dcb2d,0.0
dcb33,0.0
dcb84,0.0
dcba0,0.0196078431372549
dcbba,0.0
dcc02,0.0
dcd7b,0.0
dcdf6,0.02127659574468085
dce82,0.05405405405405406
dcea0,0.023809523809523808
dced3,0.0
dcfa1,0.0
dcfc8,0.0
dcfe2,0.0
dd131,0.0
dd18f,0.0
dd208,0.0
dd341,0.0
dd385,0.0
dd392,0.0
dd49b,0.0
dd4f7,0.0
dd515,0.0
dd596,0.0
dd667,0.0
dd69c,0.0
dd6bb,0.0
dd6f2,0.030303030303030304
dd72c,0.0
dd7ad,0.0
dd8e1,0.0
dd936,0.0
dd99c,0.0
dda3a,0.08571428571428572
dda67,0.0
dda89,0.0
ddb4d,0.0
ddb77,0.0
ddcb1,0.0
dddf2,0.0
dde4e,0.02564102564102564
ddea7,0.0
ddec6,0.0
ddf51,0.022727272727272728
ddf77,0.05714285714285714
ddfc5,0.0
de07b,0.0
de0b2,0.0
de13a,0.0
de159,0.0
de20f,0.0
de2b0,0.0
de2e6,0.025
de33a,0.0
de348,0.02857142857142857
de350,0.0
de4d9,0.0
de4de,0.0
de4e1,0.0
de521,0.0
de54d,0.0
de647,0.0
de661,0.0196078431372549
de6bf,0.0
de6e6,0.0
de70f,0.0
de79e,0.0
de823,0.0
de832,0.02040816326530612
dea6f,0.0
deb55,0.0
debed,0.0
dec30,0.05714285714285714
decc3,0.0
decc4,0.022727272727272728
ded40,0.0
dee8f,0.0
def0c,0.0
def42,0.0
deff1,0.0
df06d,0.0
df123,0.0
df275,0.0
df280,0.0
df2ca,0.0
df2d7,0.0
df32b,0.022727272727272728
df44c,0.022222222222222223
df45b,0.03225806451612903
df4a3,0.0
df4e5,0.0
df511,0.0
df525,0.0
df54e,0.0
df5b6,0.0
df6d4,0.0
df6e5,0.0
df70c,0.0
df89e,0.0
df8dc,0.0
df970,0.0
df9d9,0.024390243902439025
dfa89,0.0
dfaa4,0.0
dfb7b,0.0
dfbd1,0.017241379310344827
dfccb,0.0
dff73,0.0
e002b,0.0
e0058,0.023809523809523808
e00f7,0.0
e011a,0.022727272727272728
e0298,0.0
e02e6,0.029411764705882353
e030c,0.0
e03f0,0.025
e043b,0.0
e048e,0.0
e055b,0.0
e05b4,0.0
e05cf,0.0
e072d,0.0
e077a,0.0
e07d7,0.0
e07f3,0.0
e07fb,0.0
e081a,0.024390243902439025
e094e,0.0
e09d6,0.0
e0a47,0.0
e0abc,0.0
e0b68,0.0
e0b77,0.0
e0b93,0.0
e0c01,0.0
e0cac,0.0
e0cd5,0.0
e0d87,0.0
e0e28,0.0
e0f54,0.0
e0f67,0.04081632653061224
e0f7b,0.022727272727272728
e0f88,0.0
e0fac,0.024390243902439025
e0ffa,0.0
e1056,0.0
e1107,0.0
e1113,0.0
e1123,0.0
e1127,0.0
e11eb,0.0
e11f2,0.0
e1246,0.022222222222222223
e12dc,0.0
e1399,0.0
e1482,0.0
e14ea,0.0
e1587,0.023255813953488372
e1625,0.0
e1880,0.0
e18da,0.0
e18e3,0.0
e1921,0.0
e1932,0.0
e1949,0.0
e1991,0.0
e1a23,0.0
e1a2e,0.0
e1a43,0.0
e1a88,0.0
e1ae0,0.0
e1b07,0.0
e1b85,0.0
e1dee,0.0
e1e2b,0.0
e1edd,0.0
e1f87,0.0
e1fc7,0.0
e201d,0.0
e2115,0.0
e211a,0.030303030303030304
e21d1,0.024390243902439025
e220c,0.0
e245c,0.0
e249f,0.02857142857142857
e24c9,0.0
e2555,0.0
e262e,0.0
e2656,0.0
e268d,0.046511627906976744
e2694,0.03125
e26c9,0.0
e275f,0.0
e27af,0.0
e27e0,0.0
e27ec,0.0
e2850,0.02631578947368421
e2858,0.0
e2875,0.02631578947368421
e2903,0.0
e29cf,0.0
e2a9c,0.0
e2b12,0.0
e2b4d,0.02631578947368421
e2b58,0.02631578947368421
e2bb5,0.0
e2bb8,0.0
e2c79,0.0
e2c81,0.0
e2c9b,0.0
e2cb3,0.0
e2cb9,0.0
e2d4b,0.0
e2d87,0.0
e2e70,0.024390243902439025
e2eaa,0.0
e2f17,0.03333333333333333
e2f29,0.0
e3035,0.0
e30bf,0.0
e3114,0.0
e3123,0.0
e319b,0.0
e3205,0.045454545454545456
e32d5,0.0
e32ea,0.0
e32f0,0.0
e33b1,0.0
e33d8,0.0
e33dd,0.0
e3517,0.0
e35c1,0.0
e35d9,0.0
e36fa,0.0
e3711,0.0
e377d,0.0
e37ba,0.0
e3806,0.0
e3871,0.0
e39aa,0.030303030303030304
e39b3,0.0
e39dd,0.025
e3afc,0.024390243902439025
e3bcd,0.0
e3bfa,0.0
e3c82,0.0
e3c8b,0.03333333333333333
e3d2a,0.025
e3d8a,0.0
e3dab,0.0
e3dbb,0.0
e3e03,0.0
e3e3f,0.0
e3e42,0.0
e3ed5,0.0
e3f21,0.0
e3f22,0.0
e3f86,0.0
e3faa,0.0
e40ea,0.0
e40fd,0.0
e41a5,0.0
e41e5,0.0
e421a,0.0
e430d,0.0
e43f4,0.0
e443c,0.025
e448c,0.0
e44b0,0.0
e44bc,0.02857142857142857
e44df,0.0
e450c,0.0
e4518,0.0
e45d1,0.0
e4623,0.0
e4626,0.0
e464e,0.0
e46f7,0.0
e470a,0.0
e4774,0.0
e47b8,0.0
e486f,0.0
e4911,0.0
e49f1,0.0
e4a2b,0.0
e4a43,0.0
e4a59,0.06976744186046512
e4c5e,0.0
e4c8c,0.0
e4c98,0.027777777777777776
e4c9d,0.0
e4cf4,0.0
e4cfc,0.034482758620689655
e4d3f,0.023809523809523808
e4d9d,0.0
e4dae,0.029411764705882353
e4e62,0.0
e4e78,0.03125
e4e7b,0.0
e4eed,0.02702702702702703
e4efa,0.0
e4f4c,0.02857142857142857
e4f71,0.0
e4f85,0.0
e506b,0.034482758620689655
e5102,0.0
e5278,0.0
e52d3,0.0
e5363,0.0
e538e,0.0
e539e,0.0
e53b4,0.0
e53d1,0.0
e53e5,0.0
e53ee,0.0425531914893617
e5423,0.0
e5427,0.0
e547a,0.022222222222222223
e54e2,0.025
e555a,0.0
e563e,0.0
e5691,0.0
e56e8,0.01818181818181818
e5731,0.025
e5799,0.022727272727272728
e584e,0.019230769230769232
e59a8,0.02040816326530612
e59a9,0.0
e5a62,0.0
e5aa0,0.0
e5ad8,0.0
e5b59,0.0
e5c5f,0.0
e5d90,0.0
e5da3,0.0
e5e1b,0.0
e5ec3,0.0
e5ef2,0.0
e5f72,0.0
e5fdc,0.0
e5ff4,0.0
e6046,0.0
e6136,0.0
e61bc,0.0
e61bd,0.0
e61d1,0.0
e620b,0.0
e62e6,0.0
e6325,0.02857142857142857
e640a,0.0
e646e,0.0
e64cc,0.02631578947368421
e64d6,0.0
e653b,0.0
e6575,0.0
e66a8,0.0
e66a9,0.0
e66d0,0.0
e66e4,0.0
e67d8,0.0
e67e3,0.0
e67ef,0.0
e67f4,0.0
e6816,0.0
e6846,0.0
e6886,0.0
e6a6a,0.02564102564102564
e6a9c,0.0
e6af1,0.0
e6b01,0.0
e6b12,0.0
e6b44,0.05405405405405406
e6c46,0.0
e6d58,0.0
e6e05,0.0
e6e0a,0.030303030303030304
e6eae,0.0
e6ec1,0.0
e6f36,0.0
e6f4a,0.047619047619047616
e6f60,0.0
e6ff6,0.0
e705c,0.0
e70cf,0.0
e71c5,0.03333333333333333
e71cf,0.0
e7232,0.0
e724e,0.0
e7384,0.02564102564102564
e742a,0.02
e743b,0.0
e74df,0.02564102564102564
e74f3,0.0
e7502,0.0
e7558,0.0
e7697,0.0
e76af,0.0
e7737,0.0
e7785,0.02631578947368421
e7827,0.0
e78cf,0.0
e78d6,0.02702702702702703
e7917,0.0
e791b,0.022727272727272728
e7a1e,0.0
e7a53,0.0
e7a8d,0.03125
e7ae6,0.0
e7b88,0.0
e7c26,0.02
e7c9e,0.0
e7d43,0.0
e7d4d,0.0
e7e08,0.0
e7e83,0.0
e7f8d,0.0
e805c,0.0
e80fd,0.0
e814f,0.0
e815f,0.0
e819f,0.0
e81bc,0.0
e81e5,0.0
e828c,0.0
e82c1,0.0
e82f0,0.0
e837b,0.0
e8519,0.0
e8553,0.0
e85b6,0.02631578947368421
e85ed,0.0
e8674,0.0
e8734,0.0
e873f,0.0
e8758,0.0
e876c,0.0
e8781,0.0
e87b8,0.06451612903225806
e8885,0.0
e888c,0.022222222222222223
e88c9,0.0
e88d5,0.0
e8987,0.0
e89ac,0.0
e89f7,0.0
e8a98,0.0
e8acd,0.023809523809523808
e8b87,0.0
e8c81,0.0
e8d06,0.030303030303030304
e8d14,0.029411764705882353
e8d7f,0.023809523809523808
e8e23,0.0
e9020,0.0
e9057,0.0
e9181,0.030303030303030304
e91b6,0.025
e91cf,0.0
e91e7,0.0
e920d,0.0
e924f,0.02040816326530612
e9273,0.0
e93b1,0.0
e93f9,0.0
e9427,0.02857142857142857
e953c,0.025
e95a9,0.0
e964e,0.0
e9669,0.0
e977a,0.0
e978f,0.0
e988e,0.0
e9974,0.0
e9a00,0.024390243902439025
e9a04,0.024390243902439025
e9a06,0.0
e9a44,0.0
e9afe,0.023255813953488372
e9b23,0.0
e9c56,0.0
e9c8b,0.025
e9cb5,0.020833333333333332
e9d66,0.0
e9e0b,0.0
e9eb6,0.0
e9ef9,0.0
e9f9a,0.0
ea057,0.0
ea0ab,0.023809523809523808
ea0bc,0.02564102564102564
ea139,0.0
ea1ba,0.0
ea1ef,0.0
ea29a,0.0
ea2c9,0.0
ea334,0.023255813953488372
ea34a,0.0
ea376,0.0625
ea477,0.0
ea4df,0.0
ea606,0.0
ea6c3,0.020833333333333332
ea7f1,0.024390243902439025
ea836,0.0
ea954,0.0
ea9a7,0.02702702702702703
ea9ed,0.02631578947368421
eaa07,0.0
eaa37,0.0
eaa7d,0.0
eaa8b,0.0
eaaa7,0.023255813953488372
eaae1,0.0
eab71,0.0
eab8d,0.0
eabd3,0.0
eac99,0.0
eaca3,0.0
ead19,0.0
eadf4,0.0
eae42,0.0
eaf41,0.0
eaf61,0.0
eaf77,0.02631578947368421
eaff7,0.0
eb0db,0.02631578947368421
eb21b,0.0
eb235,0.0
eb368,0.047619047619047616
eb36a,0.0
eb4fb,0.0
eb535,0.0
eb5e9,0.0
eb61f,0.02127659574468085
eb673,0.0
eb708,0.0
eb724,0.022727272727272728
eb7ff,0.0
eb916,0.0
eb96f,0.0
eb9c9,0.023255813953488372
eba49,0.0
ebab5,0.0
ebab9,0.021739130434782608
ebb43,0.03225806451612903
ebba5,0.0
ebc0b,0.0
ebc0f,0.0
ebc63,0.0
ebd3d,0.0
ebd7b,0.024390243902439025
ebdb7,0.0
ebdc2,0.029411764705882353
ebe20,0.0
ebe8e,0.0
ebea7,0.0
ebec6,0.0
ebfd4,0.0
ebfe3,0.030303030303030304
ec0e3,0.0
ec0f1,0.0
ec0f9,0.0
ec1a8,0.0
ec1ba,0.02040816326530612
ec28f,0.0
ec295,0.0
ec2f7,0.022222222222222223
ec311,0.02564102564102564
ec31f,0.0
ec345,0.0
ec353,0.0
ec3aa,0.0
ec3ab,0.0
ec3b8,0.018867924528301886
ec3c5,0.0
ec3cb,0.02040816326530612
ec3d4,0.0
ec438,0.0
ec457,0.0
ec45c,0.0
ec522,0.0
ec5d8,0.02
ec64c,0.0
ec683,0.022727272727272728
ec714,0.0
ec791,0.0
ec7d2,0.0
ec835,0.02702702702702703
ec85d,0.0
ec8d3,0.0
ec966,0.0
ecb42,0.0
ecb6c,0.0
ecb93,0.0
ecbf3,0.0
ecc13,0.0
eccbe,0.0
eccf7,0.0
ecd17,0.0
ecd4d,0.0
ecd5b,0.0
ecd84,0.0
ecd8b,0.0
ece76,0.0
eceac,0.030303030303030304
eceb6,0.0
ecece,0.0
ecf43,0.0
ecf57,0.0
ed034,0.0
ed09b,0.0
ed0e3,0.0
ed113,0.0
ed159,0.0
ed1f3,0.0
ed259,0.0
ed2a5,0.0
ed304,0.0
ed307,0.0
ed359,0.0
ed3d9,0.0
ed46e,0.027777777777777776
ed4d9,0.0
ed510,0.0
ed53b,0.0
ed563,0.024390243902439025
ed59a,0.0
ed59f,0.0
ed67e,0.0
ed6be,0.011363636363636364
ed73b,0.0
ed7a9,0.0
ed7b8,0.0
ed7d6,0.0
ed838,0.0
ed84c,0.0
ed8dc,0.0
ed93e,0.020833333333333332
ed997,0.0
ed9be,0.018867924528301886
ed9e2,0.0
edaaf,0.0
edb5d,0.0
edd86,0.020833333333333332
eddce,0.0
eddd9,0.0
edf34,0.0
edf8e,0.0
edfa7,0.0
edfbd,0.0
edfc9,0.0
ee0a0,0.0
ee0a7,0.0
ee0b0,0.0
ee0db,0.0
ee13e,0.0
ee144,0.0
ee205,0.0
ee236,0.0
ee263,0.0
ee28a,0.03125
ee36e,0.02127659574468085
ee3b7,0.0
ee40a,0.0
ee4a2,0.0
ee5a1,0.0
ee684,0.029411764705882353
ee6f8,0.0
ee722,0.0
ee782,0.024390243902439025
ee783,0.0
ee7e4,0.021739130434782608
ee822,0.0
ee864,0.0
ee8c7,0.029411764705882353
ee8db,0.02702702702702703
ee923,0.0
ee956,0.0
eea03,0.0
eea39,0.0
eea61,0.0
eea9e,0.0
eeb2e,0.023255813953488372
eeb3d,0.0
eeb6b,0.0
eeb72,0.03125
eebc4,0.0
eec05,0.017857142857142856
eed1c,0.0
eed23,0.0
eed2e,0.03508771929824561
eed79,0.0
eed8f,0.0
eee97,0.0
eeebb,0.0
eeed4,0.0
eeefa,0.0
eef36,0.0
eef7f,0.0
ef037,0.023809523809523808
ef090,0.0
ef0cc,0.020833333333333332
ef17e,0.0
ef1c1,0.0
ef248,0.0
ef2a6,0.0
ef308,0.0
ef4d0,0.0
ef4f9,0.0
ef5a5,0.021739130434782608
ef5aa,0.023809523809523808
ef5ea,0.029411764705882353
ef60f,0.02564102564102564
ef6e9,0.0
ef71e,0.0
ef98c,0.0
ef9b5,0.0425531914893617
ef9da,0.0
efa89,0.0
efaab,0.0
efad1,0.0
efaf4,0.0
efbda,0.0
efc44,0.0
efced,0.0
efea4,0.02127659574468085
efeb8,0.02127659574468085
eff5e,0.0
effaa,0.0
effbb,0.02564102564102564
effc7,0.0
f000b,0.0
f0017,0.0
f00fd,0.0
f0179,0.029411764705882353
f0180,0.0
f01ae,0.0
f01c8,0.0
f01cd,0.023255813953488372
f022e,0.0
f0292,0.0
f032e,0.0
f0395,0.0
f0564,0.0
f0655,0.05714285714285714
f0703,0.024390243902439025
f0727,0.0
f0801,0.0
f0870,0.0
f0892,0.045454545454545456
f08c7,0.0
f0a0d,0.0
f0a9d,0.0
f0aaa,0.0
f0b7d,0.025
f0bee,0.0
f0bfa,0.045454545454545456
f0bfc,0.0
f0c8e,0.024390243902439025
f0ca7,0.0
f0d2b,0.0
f0d44,0.0
f0d7b,0.0
f0dfe,0.0
f0e50,0.0
f0ed0,0.0
f0efc,0.0
f0f52,0.0
f0f65,0.0
f0f7e,0.0
f0fa3,0.0
f1024,0.02631578947368421
f1136,0.0
f11b0,0.0
f11b8,0.024390243902439025
f11ce,0.02857142857142857
f125d,0.0
f12f9,0.0
f13d1,0.0
f150d,0.0
f1536,0.0
f15f9,0.0
f167f,0.0
f169e,0.0
f16f9,0.023809523809523808
f1737,0.0
f17da,0.02702702702702703
f1836,0.0
f185e,0.0
f18e0,0.02040816326530612
f1915,0.0
f1919,0.0
f197e,0.0
f19a7,0.04878048780487805
f19ca,0.0
f1b06,0.0
f1cf8,0.0
f1e33,0.0
f1e5b,0.0
f1e5d,0.02631578947368421
f1f29,0.0
f1f47,0.0
f1fba,0.0
f1fc4,0.0
f207f,0.0
f20a1,0.0
f20d1,0.0
f211b,0.0
f2200,0.0
f2279,0.0
f2281,0.0
f22e5,0.0
f234b,0.0
f24d6,0.0
f2529,0.0
f252a,0.0
f2562,0.0
f2572,0.0
f2602,0.0
f266a,0.0
f2688,0.0
f269c,0.0
f269f,0.0
f2737,0.030303030303030304
f27b0,0.0
f29a4,0.027777777777777776
f29cf,0.0
f29d6,0.0
f2b99,0.0
f2b9d,0.025
f2c38,0.0
f2c5f,0.0
f2c92,0.0
f2db6,0.027777777777777776
f2dd5,0.0
f2e9b,0.0
f2eae,0.0
f2f2b,0.0
f2f39,0.0
f2f5d,0.0
f2f63,0.0
f2fa7,0.0
f2fd4,0.0
f2fda,0.0
f2ff6,0.0
f304b,0.05714285714285714
f305b,0.0
f30d3,0.0
f3109,0.0
f311e,0.0
f31ca,0.0
f321d,0.0
f324c,0.0
f3268,0.0
f32a9,0.0
f3382,0.0
f3538,0.0
f3560,0.020833333333333332
f3576,0.0
f3579,0.02702702702702703
f35e1,0.0
f3663,0.02040816326530612
f3696,0.0
f3716,0.0
f378b,0.024390243902439025
f3813,0.0
f3861,0.0
f386d,0.022727272727272728
f38d2,0.022727272727272728
f3981,0.0
f3a09,0.0
f3aab,0.0
f3b60,0.0
f3c1f,0.0
f3c61,0.0
f3c85,0.0
f3ca5,0.0
f3d62,0.0
f3de8,0.0
f3e17,0.0
f3e2c,0.0
f402a,0.0
f404f,0.0
f40bf,0.0
f40fd,0.0
f4251,0.0
f431f,0.0
f4362,0.0
f437d,0.0
f43de,0.0
f447f,0.0
f44e7,0.0196078431372549
f44e9,0.0
f4534,0.0
f453a,0.0
f4544,0.0
f456c,0.0
f45b7,0.0
f460a,0.0
f464f,0.0
f470d,0.0
f4785,0.0
f47d4,0.02631578947368421
f47ee,0.0
f48d1,0.0
f4954,0.0
f4957,0.029411764705882353
f4980,0.0
f49e6,0.0
f4a07,0.0
f4ac3,0.0
f4d7b,0.0
f4dae,0.0
f4dba,0.0
f4e08,0.0
f4e56,0.0
f4e8b,0.04878048780487805
f4e8d,0.0
f4e9e,0.0
f5131,0.02127659574468085
f5141,0.0
f5152,0.0
f519d,0.0
f51b8,0.023809523809523808
f51d6,0.0
f51d7,0.045454545454545456
f51df,0.0
f51ff,0.0
f52b2,0.0
f52f0,0.0
f531a,0.01818181818181818
f537f,0.0
f53e5,0.0
f5483,0.02127659574468085
f5489,0.02857142857142857
f548b,0.0
f54a1,0.0
f562b,0.0
f5639,0.0
f56ae,0.0
f56d8,0.02631578947368421
f57f2,0.0
f5843,0.03571428571428571
f58df,0.0
f59f0,0.0
f5a0f,0.0
f5a30,0.0
f5a7e,0.0
f5aa7,0.0
f5b42,0.022222222222222223
f5bad,0.0
f5bd4,0.0
f5c47,0.0
f5ccd,0.027777777777777776
f5cfd,0.022222222222222223
f5dfe,0.0
f5eeb,0.014285714285714285
f5efe,0.0
f5f6a,0.0
f5fa5,0.0
f5fdb,0.0
f604e,0.0
f604f,0.0
f6137,0.0
f629b,0.0
f636c,0.0
f6435,0.0
f65eb,0.0
f6651,0.02127659574468085
f66bc,0.0
f67a8,0.0
f67dd,0.0
f68c7,0.0
f69a3,0.0
f69d8,0.0
f69fb,0.0
f6a8b,0.0
f6b65,0.0
f6b7a,0.0
f6b9a,0.0
f6be0,0.0
f6be3,0.021739130434782608
f6bf7,0.0
f6c11,0.0
f6c5e,0.0
f6d07,0.0
f6e4c,0.022222222222222223
f6e4d,0.0
f6ef2,0.0
f6fae,0.0
f6fe8,0.0
f6ffd,0.0
f7035,0.0
f707b,0.0
f7112,0.0
f7174,0.0
f71dc,0.0
f727e,0.0
f7364,0.0
f7385,0.0
f73da,0.0392156862745098
f7418,0.0
f7427,0.027777777777777776
f74e1,0.0
f75b1,0.0
f75f8,0.0
f7629,0.0
f776d,0.024390243902439025
f7778,0.0
f7858,0.0
f7897,0.0
f78b8,0.0
f78e5,0.0
f78e9,0.0
f794f,0.0
f798c,0.0
f7999,0.0
f79b6,0.0
f79bd,0.0
f79cf,0.0
f79f0,0.0
f7a0b,0.0
f7acb,0.0
f7b44,0.0
f7b73,0.0
f7beb,0.0
f7c30,0.0
f7cb1,0.0
f7cdb,0.0
f7d4f,0.0
f7d96,0.0
f7e81,0.0
f7ebd,0.0
f7ed0,0.0
f7ff0,0.02702702702702703
f801e,0.0
f80ad,0.0
f8167,0.0
f8187,0.0
f8218,0.0
f822b,0.0
f827e,0.0
f829d,0.0
f82d9,0.0
f8302,0.0
f831a,0.02
f8350,0.0
f83f7,0.0
f8484,0.0
f8541,0.0
f8565,0.0
f867e,0.0
f87f0,0.0
f887d,0.0
f88a0,0.0
f88ca,0.0
f88de,0.0
f88e5,0.0
f88f8,0.0
f891a,0.0
f892a,0.0
f8a11,0.0
f8a40,0.0
f8a5a,0.0
f8a5b,0.0
f8aab,0.0
f8b28,0.0
f8b51,0.0
f8b88,0.0
f8c5e,0.0
f8c7a,0.0
f8cd9,0.0
f8ce7,0.0
f8ceb,0.023255813953488372
f8d00,0.0
f8d05,0.0
f8d0d,0.08571428571428572
f8d37,0.02
f8d87,0.0
f8d8a,0.029411764705882353
f8d9d,0.023809523809523808
f8db9,0.0
f8e0c,0.0
f8e3d,0.0
f8fbe,0.0
f901a,0.0
f90a2,0.0
f910c,0.0
f9131,0.0
f91b0,0.0
f924c,0.0
f92b6,0.020833333333333332
f9392,0.0
f93af,0.022727272727272728
f940f,0.0
f9489,0.0
f9615,0.0
f9632,0.0
f963a,0.0
f96a5,0.0
f96bd,0.0
f96db,0.0
f971c,0.0
f971d,0.0
f97fd,0.0
f97fe,0.0
f9846,0.02127659574468085
f9875,0.0
f98a4,0.0
f9967,0.0
f9a2c,0.0
f9af2,0.0
f9af6,0.0
f9b13,0.0
f9b58,0.0
f9b5b,0.0
f9bac,0.0
f9bb6,0.0
f9bd3,0.0
f9c67,0.0
f9c8e,0.0
f9cbc,0.0
f9d1c,0.0
f9d7d,0.0
f9e12,0.0
f9e36,0.023255813953488372
f9e4b,0.024390243902439025
f9e62,0.0
f9ef9,0.0
fa00d,0.0
fa030,0.0
fa0c4,0.0
fa108,0.0
fa11e,0.0
fa15b,0.0
fa16d,0.0
fa1b1,0.02631578947368421
fa22e,0.0
fa267,0.0
fa2b6,0.023255813953488372
fa41b,0.0
fa451,0.0
fa519,0.0
fa5be,0.0
fa7b1,0.0
fa7d0,0.024390243902439025
fa7e7,0.0
fa854,0.0
fa88c,0.02631578947368421
fa918,0.0
fa9b9,0.0
faab0,0.0
fab9f,0.0
fabbc,0.0
fac2c,0.0
fad01,0.0
fad0f,0.0
fadf4,0.0
fae09,0.0
fae96,0.0
faf17,0.0
faf4d,0.0
fafe2,0.0
fb106,0.0
fb111,0.0
fb11d,0.02857142857142857
fb157,0.0
fb161,0.0
fb169,0.024390243902439025
fb1bc,0.0
fb1f8,0.02127659574468085
fb20a,0.0
fb256,0.0
fb2cd,0.029411764705882353
fb2eb,0.03125
fb349,0.0
fb351,0.0
fb36a,0.0
fb38e,0.02564102564102564
fb3f3,0.0
fb493,0.0
fb4f3,0.0
fb505,0.02
fb560,0.0
fb585,0.0
fb5e6,0.0
fb6ce,0.0
fb723,0.0
fb738,0.0
fb778,0.0
fb8e1,0.0
fb8e3,0.0
fb92c,0.0
fb9ba,0.02631578947368421
fb9c8,0.027777777777777776
fba06,0.0
fba45,0.0
fba51,0.02564102564102564
fbb28,0.023809523809523808
fbc81,0.0
fbe22,0.0
fbef7,0.0
fbf9c,0.0
fc009,0.0
fc037,0.0
fc0cc,0.0
fc0dd,0.0
fc139,0.0
fc192,0.0
fc1ab,0.0
fc1f8,0.0
fc330,0.0
fc333,0.0
fc3a6,0.0
fc48f,0.0
fc56c,0.0
fc5ee,0.0
fc609,0.018867924528301886
fc736,0.0
fc753,0.0
fc7a7,0.0
fc7cf,0.0
fc920,0.0
fc970,0.0
fca8f,0.0
fca97,0.0
fcaa2,0.024390243902439025
fcaae,0.0
fcbe7,0.0
fcc40,0.0
fcce0,0.0
fcce1,0.0
fcd9e,0.0
fce4b,0.0
fce9f,0.021739130434782608
fceb8,0.02564102564102564
fcf4f,0.02702702702702703
fcf7f,0.0
fcf9f,0.0
fd00d,0.0
fd05e,0.0
fd196,0.037037037037037035
fd1ba,0.0
fd277,0.0
fd27e,0.027777777777777776
fd382,0.021739130434782608
fd3ab,0.0
fd3eb,0.0
fd407,0.0
fd458,0.05405405405405406
fd47e,0.0
fd497,0.0
fd4d8,0.030303030303030304
fd56c,0.0
fd591,0.0
fd5ae,0.0
fd5d0,0.0
fd62d,0.024390243902439025
fd647,0.0
fd6e4,0.0
fd74d,0.0
fd877,0.0
fd88b,0.0
fd971,0.027777777777777776
fda28,0.029411764705882353
fda87,0.0
fdac4,0.0
fdb17,0.0
fdb55,0.0
fdb92,0.0
fdbff,0.0
fdc2b,0.0
fdccb,0.0
fdcf3,0.0
fdd2e,0.03125
fde6a,0.0
fdff3,0.0
fe016,0.0
fe040,0.0
fe0c6,0.0
fe0cd,0.02857142857142857
fe0e3,0.0
fe10d,0.025
fe26c,0.0
fe2a4,0.0
fe2dd,0.0
fe2e4,0.0
fe3b5,0.02702702702702703
fe3d0,0.0
fe3d3,0.0
fe426,0.0
fe4ad,0.029411764705882353
fe4c2,0.0
fe537,0.0
fe5f4,0.0
fe69a,0.0
fe768,0.0
fe7d9,0.0
fe900,0.023809523809523808
fe903,0.0
fe904,0.0
fe92e,0.0
fe9da,0.0
fea87,0.0
feabc,0.0
feb2b,0.0
feb55,0.0
feb80,0.0
febd6,0.0
fec08,0.0
fed84,0.0
feda5,0.0
fee05,0.0
fee53,0.0
fee7f,0.0
fef17,0.0
fef4f,0.0
fef50,0.0
fef5a,0.0
fef64,0.0
fef97,0.022222222222222223
ff060,0.0
ff08d,0.0
ff0e7,0.0
ff13d,0.045454545454545456
ff16b,0.0
ff18f,0.0
ff1c9,0.02631578947368421
ff1da,0.0
ff30f,0.0
ff343,0.0
ff3a5,0.0
ff3b2,0.0
ff48d,0.0
ff50e,0.02631578947368421
ff585,0.024390243902439025
ff600,0.0
ff64f,0.0
ff683,0.0
ff684,0.029411764705882353
ff6b6,0.0
ff6cf,0.0
ff718,0.0
ff738,0.0
ff8e1,0.0
ff8e6,0.0
ffa49,0.0
ffa8e,0.0
ffad8,0.0
ffbc0,0.0
ffc20,0.0
ffc27,0.0
ffc34,0.0
ffc6b,0.02564102564102564
ffc89,0.0
ffcdd,0.0
ffcff,0.027777777777777776
ffd50,0.0
ffd56,0.0
ffd82,0.0
ffe0f,0.0
ffed3,0.018867924528301886
fff7c,0.0
fffa7,0.0
